{
    "type": "FeatureCollection",
    "features": [
        {
            "type": "Feature",
            "properties": {
                "FID": 0,
                "FIPS": "GM",
                "ISO2": "DE",
                "ISO3": "DEU",
                "UN": 276,
                "NAME": "Germany",
                "AREA": 34895,
                "POP2005": 82652369,
                "REGION": 150,
                "SUBREGION": 155,
                "LON": 9.851,
                "LAT": 51.11
            },
            "geometry": {
                "type": "MultiPolygon",
                "coordinates": [
                    [
                        [
                            [
                                8.710255,
                                47.69681
                            ],
                            [
                                8.678595,
                                47.693344
                            ],
                            [
                                8.67555,
                                47.697495
                            ],
                            [
                                8.6733,
                                47.70177100000012
                            ],
                            [
                                8.670277,
                                47.7075
                            ],
                            [
                                8.670555,
                                47.711105
                            ],
                            [
                                8.675278,
                                47.712494
                            ],
                            [
                                8.698889,
                                47.713608
                            ],
                            [
                                8.705,
                                47.71305100000012
                            ],
                            [
                                8.708332,
                                47.710548
                            ],
                            [
                                8.709721,
                                47.70694
                            ],
                            [
                                8.710255,
                                47.69681
                            ]
                        ]
                    ],
                    [
                        [
                            [
                                6.806389,
                                53.602219
                            ],
                            [
                                6.80472200000014,
                                53.60055
                            ],
                            [
                                6.799444,
                                53.601105
                            ],
                            [
                                6.796666,
                                53.602219
                            ],
                            [
                                6.775277000000131,
                                53.602219
                            ],
                            [
                                6.753055,
                                53.598328
                            ],
                            [
                                6.749166000000116,
                                53.597221
                            ],
                            [
                                6.72555,
                                53.58694
                            ],
                            [
                                6.723055,
                                53.584999
                            ],
                            [
                                6.72694,
                                53.580551
                            ],
                            [
                                6.746944,
                                53.56027200000011
                            ],
                            [
                                6.690555,
                                53.567497
                            ],
                            [
                                6.673333,
                                53.571388
                            ],
                            [
                                6.663888,
                                53.57583
                            ],
                            [
                                6.66,
                                53.580276
                            ],
                            [
                                6.658333000000141,
                                53.586105
                            ],
                            [
                                6.658610000000124,
                                53.593048
                            ],
                            [
                                6.661111000000119,
                                53.59861
                            ],
                            [
                                6.663055,
                                53.60083
                            ],
                            [
                                6.669444,
                                53.60388200000011
                            ],
                            [
                                6.747499,
                                53.618607
                            ],
                            [
                                6.75861,
                                53.618889
                            ],
                            [
                                6.77222,
                                53.616661000000136
                            ],
                            [
                                6.80417,
                                53.604439
                            ],
                            [
                                6.806389,
                                53.602219
                            ]
                        ]
                    ],
                    [
                        [
                            [
                                6.939444,
                                53.669441
                            ],
                            [
                                6.893611,
                                53.666382
                            ],
                            [
                                6.88278,
                                53.66693900000013
                            ],
                            [
                                6.878611,
                                53.6680530000001
                            ],
                            [
                                6.876389,
                                53.67027300000012
                            ],
                            [
                                6.878333,
                                53.672493
                            ],
                            [
                                6.881389,
                                53.674164
                            ],
                            [
                                6.898889000000111,
                                53.6775
                            ],
                            [
                                6.94361,
                                53.681107
                            ],
                            [
                                7.063611,
                                53.687218
                            ],
                            [
                                7.081111,
                                53.686943
                            ],
                            [
                                7.085555,
                                53.686104
                            ],
                            [
                                7.088333,
                                53.68416600000012
                            ],
                            [
                                7.088333,
                                53.681664
                            ],
                            [
                                7.08417,
                                53.679993
                            ],
                            [
                                6.939444,
                                53.669441
                            ]
                        ]
                    ],
                    [
                        [
                            [
                                7.242499000000123,
                                53.70444
                            ],
                            [
                                7.15861,
                                53.69888300000014
                            ],
                            [
                                7.148333,
                                53.699715
                            ],
                            [
                                7.14083,
                                53.70221700000013
                            ],
                            [
                                7.135833,
                                53.706108
                            ],
                            [
                                7.137221,
                                53.70888500000012
                            ],
                            [
                                7.14028,
                                53.710548
                            ],
                            [
                                7.175278,
                                53.720276
                            ],
                            [
                                7.201111,
                                53.72527
                            ],
                            [
                                7.298611,
                                53.726944
                            ],
                            [
                                7.32694,
                                53.72666
                            ],
                            [
                                7.336944,
                                53.725555
                            ],
                            [
                                7.340833,
                                53.724442000000124
                            ],
                            [
                                7.346944000000121,
                                53.721107
                            ],
                            [
                                7.345833,
                                53.71833
                            ],
                            [
                                7.327499000000103,
                                53.714722
                            ],
                            [
                                7.262777000000142,
                                53.705826000000116
                            ],
                            [
                                7.242499000000123,
                                53.70444
                            ]
                        ]
                    ],
                    [
                        [
                            [
                                8.19111,
                                53.724716
                            ],
                            [
                                8.124166000000116,
                                53.70888500000012
                            ],
                            [
                                8.12083200000012,
                                53.710274
                            ],
                            [
                                8.11999900000012,
                                53.713051
                            ],
                            [
                                8.124722,
                                53.72361
                            ],
                            [
                                8.129166,
                                53.72805
                            ],
                            [
                                8.13528,
                                53.731384
                            ],
                            [
                                8.14277600000014,
                                53.733604
                            ],
                            [
                                8.156387000000109,
                                53.73555
                            ],
                            [
                                8.17305,
                                53.734718
                            ],
                            [
                                8.18166,
                                53.732773
                            ],
                            [
                                8.188332,
                                53.72999600000014
                            ],
                            [
                                8.19333300000011,
                                53.726105
                            ],
                            [
                                8.19111,
                                53.724716
                            ]
                        ]
                    ],
                    [
                        [
                            [
                                7.622222,
                                53.7544400000001
                            ],
                            [
                                7.628611,
                                53.744438000000116
                            ],
                            [
                                7.628888,
                                53.742218
                            ],
                            [
                                7.621666000000118,
                                53.744438000000116
                            ],
                            [
                                7.60778,
                                53.746666
                            ],
                            [
                                7.586944,
                                53.748604
                            ],
                            [
                                7.575277,
                                53.748886
                            ],
                            [
                                7.51833,
                                53.74582700000013
                            ],
                            [
                                7.514166000000102,
                                53.744995
                            ],
                            [
                                7.51111,
                                53.743332
                            ],
                            [
                                7.478055,
                                53.722221
                            ],
                            [
                                7.473611000000119,
                                53.723053
                            ],
                            [
                                7.469166,
                                53.727219
                            ],
                            [
                                7.467777,
                                53.733055
                            ],
                            [
                                7.468611000000124,
                                53.73999800000013
                            ],
                            [
                                7.472221,
                                53.748604
                            ],
                            [
                                7.47889,
                                53.754997
                            ],
                            [
                                7.485833,
                                53.7575
                            ],
                            [
                                7.51583,
                                53.759995
                            ],
                            [
                                7.575555000000122,
                                53.761108
                            ],
                            [
                                7.609722,
                                53.760826
                            ],
                            [
                                7.615000000000123,
                                53.760277
                            ],
                            [
                                7.618333,
                                53.758888
                            ],
                            [
                                7.622222,
                                53.7544400000001
                            ]
                        ]
                    ],
                    [
                        [
                            [
                                7.75889,
                                53.76055
                            ],
                            [
                                7.669722,
                                53.754715
                            ],
                            [
                                7.66472,
                                53.75861
                            ],
                            [
                                7.664444,
                                53.76166
                            ],
                            [
                                7.665833,
                                53.764442
                            ],
                            [
                                7.669444,
                                53.769165
                            ],
                            [
                                7.674444,
                                53.77304800000013
                            ],
                            [
                                7.683888000000138,
                                53.77777100000014
                            ],
                            [
                                7.69861,
                                53.77916
                            ],
                            [
                                7.80472200000014,
                                53.77777100000014
                            ],
                            [
                                7.809999000000118,
                                53.777222
                            ],
                            [
                                7.812778,
                                53.77555100000012
                            ],
                            [
                                7.810833,
                                53.77304800000013
                            ],
                            [
                                7.807221000000141,
                                53.77194200000014
                            ],
                            [
                                7.75889,
                                53.76055
                            ]
                        ]
                    ],
                    [
                        [
                            [
                                8.425278000000105,
                                53.928055
                            ],
                            [
                                8.422222,
                                53.92638
                            ],
                            [
                                8.413055,
                                53.928055
                            ],
                            [
                                8.40694,
                                53.947777
                            ],
                            [
                                8.407776,
                                53.950829
                            ],
                            [
                                8.41166,
                                53.955551
                            ],
                            [
                                8.42277700000011,
                                53.96277600000013
                            ],
                            [
                                8.43111,
                                53.964722
                            ],
                            [
                                8.441111,
                                53.965553
                            ],
                            [
                                8.455,
                                53.96305100000012
                            ],
                            [
                                8.457222000000115,
                                53.96083
                            ],
                            [
                                8.425278000000105,
                                53.928055
                            ]
                        ]
                    ],
                    [
                        [
                            [
                                11.45917,
                                53.961105
                            ],
                            [
                                11.451387,
                                53.95916
                            ],
                            [
                                11.428888000000143,
                                53.961388
                            ],
                            [
                                11.42361,
                                53.96194
                            ],
                            [
                                11.3925,
                                53.968048
                            ],
                            [
                                11.388611,
                                53.969162
                            ],
                            [
                                11.377499,
                                53.974716
                            ],
                            [
                                11.37555,
                                53.976944
                            ],
                            [
                                11.373333,
                                53.98221600000011
                            ],
                            [
                                11.373888,
                                53.988609
                            ],
                            [
                                11.374998,
                                53.99166
                            ],
                            [
                                11.378611,
                                53.996666
                            ],
                            [
                                11.38444,
                                54.000275
                            ],
                            [
                                11.401667,
                                54.006943
                            ],
                            [
                                11.44444,
                                54.022217
                            ],
                            [
                                11.452776,
                                54.02389
                            ],
                            [
                                11.4625,
                                54.024719
                            ],
                            [
                                11.47305,
                                54.024719
                            ],
                            [
                                11.488609,
                                54.023048
                            ],
                            [
                                11.491665,
                                54.021385
                            ],
                            [
                                11.49528,
                                54.01666300000011
                            ],
                            [
                                11.49416,
                                54.00999500000012
                            ],
                            [
                                11.480276000000117,
                                53.984161
                            ],
                            [
                                11.4772210000001,
                                53.97888200000011
                            ],
                            [
                                11.469721,
                                53.968887
                            ],
                            [
                                11.467777000000126,
                                53.96666
                            ],
                            [
                                11.45917,
                                53.961105
                            ]
                        ]
                    ],
                    [
                        [
                            [
                                13.94028,
                                54.024994
                            ],
                            [
                                13.930832,
                                54.016388
                            ],
                            [
                                13.92583,
                                54.018326
                            ],
                            [
                                13.927221,
                                54.021385
                            ],
                            [
                                13.93444,
                                54.027771
                            ],
                            [
                                13.938889,
                                54.027496
                            ],
                            [
                                13.94028,
                                54.024994
                            ]
                        ]
                    ],
                    [
                        [
                            [
                                8.695555,
                                54.041107
                            ],
                            [
                                8.691944,
                                54.039993
                            ],
                            [
                                8.681665,
                                54.040833
                            ],
                            [
                                8.676666000000125,
                                54.044716
                            ],
                            [
                                8.673054,
                                54.04943800000012
                            ],
                            [
                                8.666111,
                                54.06388900000013
                            ],
                            [
                                8.6675,
                                54.073326
                            ],
                            [
                                8.66889,
                                54.075829
                            ],
                            [
                                8.67139,
                                54.077774
                            ],
                            [
                                8.67805,
                                54.08083
                            ],
                            [
                                8.690554000000134,
                                54.083611
                            ],
                            [
                                8.693333,
                                54.082497
                            ],
                            [
                                8.699999,
                                54.058609
                            ],
                            [
                                8.697498,
                                54.04361
                            ],
                            [
                                8.695555,
                                54.041107
                            ]
                        ]
                    ],
                    [
                        [
                            [
                                11.544167,
                                54.061386
                            ],
                            [
                                11.51111,
                                54.04860700000012
                            ],
                            [
                                11.51111,
                                54.051666
                            ],
                            [
                                11.514721000000122,
                                54.060555000000136
                            ],
                            [
                                11.528889,
                                54.076942000000145
                            ],
                            [
                                11.535831,
                                54.082497
                            ],
                            [
                                11.555832,
                                54.094719
                            ],
                            [
                                11.55944,
                                54.09583
                            ],
                            [
                                11.61242,
                                54.10458
                            ],
                            [
                                11.568054,
                                54.074715
                            ],
                            [
                                11.544167,
                                54.061386
                            ]
                        ]
                    ],
                    [
                        [
                            [
                                14.001317,
                                54.065361
                            ],
                            [
                                14.105,
                                53.998604
                            ],
                            [
                                14.181110000000103,
                                53.94805
                            ],
                            [
                                14.186943,
                                53.944717
                            ],
                            [
                                14.214167,
                                53.932495
                            ],
                            [
                                14.225555,
                                53.92860400000012
                            ],
                            [
                                14.21583,
                                53.899994000000106
                            ],
                            [
                                14.218887000000109,
                                53.869019
                            ],
                            [
                                14.195833,
                                53.874718
                            ],
                            [
                                14.19111,
                                53.87527
                            ],
                            [
                                14.0825,
                                53.873329
                            ],
                            [
                                14.045277,
                                53.872215
                            ],
                            [
                                14.037777,
                                53.869995
                            ],
                            [
                                14.029165,
                                53.8647160000001
                            ],
                            [
                                14.00805,
                                53.853882
                            ],
                            [
                                13.992498000000126,
                                53.84972
                            ],
                            [
                                13.949165000000107,
                                53.843605
                            ],
                            [
                                13.893055,
                                53.839439
                            ],
                            [
                                13.877499000000114,
                                53.84083
                            ],
                            [
                                13.82694,
                                53.850822
                            ],
                            [
                                13.823431,
                                53.853745
                            ],
                            [
                                13.825,
                                53.85833
                            ],
                            [
                                13.833332,
                                53.867493
                            ],
                            [
                                13.835554,
                                53.86972
                            ],
                            [
                                13.838888,
                                53.871384
                            ],
                            [
                                13.871944,
                                53.878052
                            ],
                            [
                                13.92916,
                                53.897499
                            ],
                            [
                                13.939631000000134,
                                53.91486400000014
                            ],
                            [
                                13.95757,
                                53.941113
                            ],
                            [
                                13.98207,
                                53.96255100000013
                            ],
                            [
                                14.012691,
                                53.94942
                            ],
                            [
                                14.03063,
                                53.9428630000001
                            ],
                            [
                                14.048565,
                                53.942425
                            ],
                            [
                                14.056003,
                                53.984863
                            ],
                            [
                                14.04769,
                                54.00542400000012
                            ],
                            [
                                14.014,
                                54.01417500000014
                            ],
                            [
                                14.00832,
                                54.026424
                            ],
                            [
                                13.998255,
                                54.039986
                            ],
                            [
                                13.97988,
                                54.05661
                            ],
                            [
                                13.954068,
                                54.060547
                            ],
                            [
                                13.929569,
                                54.063171
                            ],
                            [
                                13.918633,
                                54.054859000000135
                            ],
                            [
                                13.92607,
                                54.03648
                            ],
                            [
                                13.91222,
                                54.026665
                            ],
                            [
                                13.902777000000128,
                                54.01416000000012
                            ],
                            [
                                13.89805,
                                54.00972
                            ],
                            [
                                13.86055,
                                53.998604
                            ],
                            [
                                13.857498,
                                54.000275
                            ],
                            [
                                13.82278,
                                54.036659
                            ],
                            [
                                13.80868,
                                54.071613
                            ],
                            [
                                13.81743,
                                54.09785
                            ],
                            [
                                13.804192,
                                54.111092
                            ],
                            [
                                13.759998,
                                54.139717
                            ],
                            [
                                13.75861,
                                54.14222
                            ],
                            [
                                13.75611,
                                54.15027600000013
                            ],
                            [
                                13.757500000000107,
                                54.15721900000011
                            ],
                            [
                                13.759165,
                                54.159996
                            ],
                            [
                                13.763887000000125,
                                54.164444
                            ],
                            [
                                13.769722,
                                54.16777
                            ],
                            [
                                13.781111,
                                54.171104
                            ],
                            [
                                13.800554,
                                54.17139
                            ],
                            [
                                13.813055,
                                54.16861
                            ],
                            [
                                13.81805,
                                54.164719
                            ],
                            [
                                13.81944,
                                54.162216
                            ],
                            [
                                13.823055,
                                54.15471600000012
                            ],
                            [
                                13.825554,
                                54.143326
                            ],
                            [
                                13.828054000000122,
                                54.138329
                            ],
                            [
                                13.831665,
                                54.133888
                            ],
                            [
                                13.86611,
                                54.106667
                            ],
                            [
                                13.89238,
                                54.09029800000013
                            ],
                            [
                                13.921257,
                                54.081985
                            ],
                            [
                                13.93832,
                                54.077171
                            ],
                            [
                                13.96544,
                                54.073235
                            ],
                            [
                                14.001317,
                                54.065361
                            ]
                        ]
                    ],
                    [
                        [
                            [
                                10.979443,
                                54.380554
                            ],
                            [
                                10.994999,
                                54.381943
                            ],
                            [
                                11.017776,
                                54.380272
                            ],
                            [
                                11.016943,
                                54.378609
                            ],
                            [
                                11.013332,
                                54.377495
                            ],
                            [
                                11.003054000000134,
                                54.376938
                            ],
                            [
                                10.986111,
                                54.37805200000014
                            ],
                            [
                                10.979443,
                                54.380554
                            ]
                        ]
                    ],
                    [
                        [
                            [
                                12.729721,
                                54.41666
                            ],
                            [
                                12.68861,
                                54.41555
                            ],
                            [
                                12.68611,
                                54.418327
                            ],
                            [
                                12.696943,
                                54.424995
                            ],
                            [
                                12.70278,
                                54.428329
                            ],
                            [
                                12.706944,
                                54.427773
                            ],
                            [
                                12.727221,
                                54.42305
                            ],
                            [
                                12.731943000000115,
                                54.41888
                            ],
                            [
                                12.729721,
                                54.41666
                            ]
                        ]
                    ],
                    [
                        [
                            [
                                8.893055,
                                54.461937
                            ],
                            [
                                8.8375,
                                54.461662
                            ],
                            [
                                8.826944,
                                54.462776
                            ],
                            [
                                8.819443,
                                54.465271
                            ],
                            [
                                8.814722,
                                54.469162
                            ],
                            [
                                8.814165,
                                54.472496
                            ],
                            [
                                8.814165,
                                54.49777
                            ],
                            [
                                8.814999,
                                54.500832
                            ],
                            [
                                8.816944,
                                54.503052
                            ],
                            [
                                8.86222,
                                54.524162
                            ],
                            [
                                8.865833,
                                54.52527600000013
                            ],
                            [
                                8.921389,
                                54.524994
                            ],
                            [
                                8.942499,
                                54.523048
                            ],
                            [
                                8.960554,
                                54.519165
                            ],
                            [
                                8.954721,
                                54.509163000000115
                            ],
                            [
                                8.924999,
                                54.474159
                            ],
                            [
                                8.917776000000117,
                                54.467773000000136
                            ],
                            [
                                8.91472,
                                54.46611
                            ],
                            [
                                8.906944,
                                54.463882
                            ],
                            [
                                8.893055,
                                54.461937
                            ]
                        ]
                    ],
                    [
                        [
                            [
                                11.31278,
                                54.406944
                            ],
                            [
                                11.13917,
                                54.40666
                            ],
                            [
                                11.123888000000136,
                                54.406944
                            ],
                            [
                                11.021049000000119,
                                54.438759
                            ],
                            [
                                11.009998,
                                54.4461060000001
                            ],
                            [
                                11.008055,
                                54.448326
                            ],
                            [
                                11.005833,
                                54.45361
                            ],
                            [
                                11.006388000000129,
                                54.461662
                            ],
                            [
                                11.011389,
                                54.476944
                            ],
                            [
                                11.01861,
                                54.49082900000013
                            ],
                            [
                                11.025555,
                                54.50110600000011
                            ],
                            [
                                11.031944,
                                54.50804900000014
                            ],
                            [
                                11.04389,
                                54.518326000000116
                            ],
                            [
                                11.06472,
                                54.53416
                            ],
                            [
                                11.068888,
                                54.534996
                            ],
                            [
                                11.184166,
                                54.52
                            ],
                            [
                                11.229166000000134,
                                54.50471
                            ],
                            [
                                11.235277,
                                54.501389
                            ],
                            [
                                11.242777000000103,
                                54.49555
                            ],
                            [
                                11.24472,
                                54.49333200000012
                            ],
                            [
                                11.27393,
                                54.458736
                            ],
                            [
                                11.300554,
                                54.426384
                            ],
                            [
                                11.303888,
                                54.421661
                            ],
                            [
                                11.312222,
                                54.40972
                            ],
                            [
                                11.31278,
                                54.406944
                            ]
                        ]
                    ],
                    [
                        [
                            [
                                8.662777,
                                54.494164
                            ],
                            [
                                8.632776,
                                54.491386
                            ],
                            [
                                8.616388,
                                54.492775
                            ],
                            [
                                8.612499000000128,
                                54.493889
                            ],
                            [
                                8.61027700000011,
                                54.49582700000013
                            ],
                            [
                                8.59778,
                                54.508888
                            ],
                            [
                                8.591944,
                                54.515549
                            ],
                            [
                                8.59028,
                                54.524719
                            ],
                            [
                                8.59111,
                                54.52777100000014
                            ],
                            [
                                8.593054,
                                54.53
                            ],
                            [
                                8.599722,
                                54.53333
                            ],
                            [
                                8.64222100000012,
                                54.54583
                            ],
                            [
                                8.691387000000134,
                                54.55389
                            ],
                            [
                                8.702776,
                                54.55389
                            ],
                            [
                                8.710833,
                                54.55167
                            ],
                            [
                                8.71111100000013,
                                54.548607
                            ],
                            [
                                8.709721,
                                54.53249
                            ],
                            [
                                8.708332,
                                54.52972
                            ],
                            [
                                8.691944,
                                54.511383
                            ],
                            [
                                8.685555,
                                54.50471
                            ],
                            [
                                8.68028,
                                54.500832
                            ],
                            [
                                8.67111,
                                54.49582700000013
                            ],
                            [
                                8.662777,
                                54.494164
                            ]
                        ]
                    ],
                    [
                        [
                            [
                                13.07361,
                                54.488609
                            ],
                            [
                                13.063055,
                                54.465271
                            ],
                            [
                                13.060833,
                                54.469162
                            ],
                            [
                                13.06,
                                54.47639
                            ],
                            [
                                13.06111,
                                54.486382000000106
                            ],
                            [
                                13.063889000000131,
                                54.500000000000114
                            ],
                            [
                                13.096666000000141,
                                54.590553
                            ],
                            [
                                13.10389,
                                54.596939
                            ],
                            [
                                13.109999,
                                54.600273
                            ],
                            [
                                13.117498,
                                54.602776
                            ],
                            [
                                13.13694,
                                54.60416
                            ],
                            [
                                13.147499,
                                54.60416
                            ],
                            [
                                13.15138800000011,
                                54.602776
                            ],
                            [
                                13.154165,
                                54.60083
                            ],
                            [
                                13.155277,
                                54.598328
                            ],
                            [
                                13.158054000000106,
                                54.58416
                            ],
                            [
                                13.158054000000106,
                                54.581108
                            ],
                            [
                                13.110832,
                                54.533882
                            ],
                            [
                                13.10861,
                                54.531387
                            ],
                            [
                                13.07361,
                                54.488609
                            ]
                        ]
                    ],
                    [
                        [
                            [
                                13.383055,
                                54.638885
                            ],
                            [
                                13.391313,
                                54.60695
                            ],
                            [
                                13.40743,
                                54.588757
                            ],
                            [
                                13.433424,
                                54.57784
                            ],
                            [
                                13.456300000000113,
                                54.573158
                            ],
                            [
                                13.481774,
                                54.574718
                            ],
                            [
                                13.516088,
                                54.57679700000011
                            ],
                            [
                                13.59305,
                                54.584717000000126
                            ],
                            [
                                13.617777000000103,
                                54.586105
                            ],
                            [
                                13.633888000000127,
                                54.585831
                            ],
                            [
                                13.639166,
                                54.585274
                            ],
                            [
                                13.646944,
                                54.582771
                            ],
                            [
                                13.671665000000132,
                                54.56916
                            ],
                            [
                                13.676666,
                                54.56528
                            ],
                            [
                                13.678055,
                                54.562775
                            ],
                            [
                                13.679165,
                                54.542496
                            ],
                            [
                                13.677776,
                                54.53249
                            ],
                            [
                                13.675278000000105,
                                54.526382
                            ],
                            [
                                13.670277,
                                54.522217
                            ],
                            [
                                13.666943,
                                54.520828
                            ],
                            [
                                13.647499,
                                54.515549
                            ],
                            [
                                13.6408330000001,
                                54.512772
                            ],
                            [
                                13.591389,
                                54.486107
                            ],
                            [
                                13.585278,
                                54.482773
                            ],
                            [
                                13.581388,
                                54.477776
                            ],
                            [
                                13.57833,
                                54.472221000000104
                            ],
                            [
                                13.576387,
                                54.46249
                            ],
                            [
                                13.576792,
                                54.459988
                            ],
                            [
                                13.577776,
                                54.453888
                            ],
                            [
                                13.583611,
                                54.441666
                            ],
                            [
                                13.617498,
                                54.404160000000104
                            ],
                            [
                                13.620554,
                                54.402496
                            ],
                            [
                                13.631109,
                                54.40111
                            ],
                            [
                                13.646387000000118,
                                54.401382000000126
                            ],
                            [
                                13.666666,
                                54.402222
                            ],
                            [
                                13.676109,
                                54.40083
                            ],
                            [
                                13.7025,
                                54.388054000000125
                            ],
                            [
                                13.7075,
                                54.384163
                            ],
                            [
                                13.71388800000011,
                                54.37778
                            ],
                            [
                                13.73111,
                                54.354721
                            ],
                            [
                                13.743889000000138,
                                54.33111
                            ],
                            [
                                13.730833,
                                54.275833
                            ],
                            [
                                13.727499,
                                54.274437
                            ],
                            [
                                13.715,
                                54.27166
                            ],
                            [
                                13.711111,
                                54.272217
                            ],
                            [
                                13.695555,
                                54.280548000000124
                            ],
                            [
                                13.693888,
                                54.282776
                            ],
                            [
                                13.696388,
                                54.28416
                            ],
                            [
                                13.71083,
                                54.29694400000011
                            ],
                            [
                                13.712776000000133,
                                54.32111
                            ],
                            [
                                13.712221,
                                54.324165
                            ],
                            [
                                13.689444,
                                54.34833
                            ],
                            [
                                13.68444,
                                54.34916
                            ],
                            [
                                13.508333,
                                54.342773
                            ],
                            [
                                13.504444,
                                54.34166
                            ],
                            [
                                13.46944,
                                54.328331
                            ],
                            [
                                13.359444,
                                54.27471900000012
                            ],
                            [
                                13.35667,
                                54.273048
                            ],
                            [
                                13.355,
                                54.270271
                            ],
                            [
                                13.3575,
                                54.25972
                            ],
                            [
                                13.40305,
                                54.265274
                            ],
                            [
                                13.408333,
                                54.265274
                            ],
                            [
                                13.413332000000139,
                                54.26471700000013
                            ],
                            [
                                13.419998,
                                54.26138300000014
                            ],
                            [
                                13.421944,
                                54.25916
                            ],
                            [
                                13.42639,
                                54.25193800000011
                            ],
                            [
                                13.428888,
                                54.243889
                            ],
                            [
                                13.429443,
                                54.238052
                            ],
                            [
                                13.424444000000108,
                                54.23360400000013
                            ],
                            [
                                13.39777800000013,
                                54.221939
                            ],
                            [
                                13.393055,
                                54.221382
                            ],
                            [
                                13.31861,
                                54.248604000000114
                            ],
                            [
                                13.268055000000118,
                                54.254997
                            ],
                            [
                                13.25694,
                                54.256104
                            ],
                            [
                                13.249722,
                                54.258331
                            ],
                            [
                                13.156111,
                                54.30555
                            ],
                            [
                                13.12194,
                                54.330551
                            ],
                            [
                                13.118332,
                                54.333885
                            ],
                            [
                                13.117222,
                                54.339439
                            ],
                            [
                                13.117777,
                                54.343048
                            ],
                            [
                                13.129166,
                                54.36805
                            ],
                            [
                                13.130833,
                                54.370827
                            ],
                            [
                                13.134165,
                                54.37221
                            ],
                            [
                                13.141666,
                                54.37444
                            ],
                            [
                                13.15138800000011,
                                54.375275
                            ],
                            [
                                13.15667,
                                54.375275
                            ],
                            [
                                13.200554,
                                54.372772
                            ],
                            [
                                13.217222,
                                54.369995
                            ],
                            [
                                13.223055,
                                54.369438
                            ],
                            [
                                13.235832,
                                54.371666
                            ],
                            [
                                13.261389000000122,
                                54.378609
                            ],
                            [
                                13.265276,
                                54.380272
                            ],
                            [
                                13.2675,
                                54.38250000000011
                            ],
                            [
                                13.238983,
                                54.411472
                            ],
                            [
                                13.207789,
                                54.428108
                            ],
                            [
                                13.164639000000136,
                                54.434349
                            ],
                            [
                                13.228611,
                                54.464996
                            ],
                            [
                                13.23222,
                                54.485817
                            ],
                            [
                                13.167238,
                                54.51337100000012
                            ],
                            [
                                13.14696,
                                54.54560500000014
                            ],
                            [
                                13.231388,
                                54.552498
                            ],
                            [
                                13.25562,
                                54.551323
                            ],
                            [
                                13.30397,
                                54.550285
                            ],
                            [
                                13.337764,
                                54.5664
                            ],
                            [
                                13.3674,
                                54.580437
                            ],
                            [
                                13.377795,
                                54.55808
                            ],
                            [
                                13.394952000000103,
                                54.541965
                            ],
                            [
                                13.42043,
                                54.52169
                            ],
                            [
                                13.447461,
                                54.488937
                            ],
                            [
                                13.48385,
                                54.483738
                            ],
                            [
                                13.50309,
                                54.493095
                            ],
                            [
                                13.516607000000135,
                                54.51337100000012
                            ],
                            [
                                13.502570000000105,
                                54.549767
                            ],
                            [
                                13.459419,
                                54.550804
                            ],
                            [
                                13.426146,
                                54.570042
                            ],
                            [
                                13.383514,
                                54.57836
                            ],
                            [
                                13.374676,
                                54.610073
                            ],
                            [
                                13.35544,
                                54.60435500000011
                            ],
                            [
                                13.32972100000012,
                                54.582771
                            ],
                            [
                                13.310555,
                                54.57333
                            ],
                            [
                                13.286221,
                                54.565052
                            ],
                            [
                                13.282054,
                                54.56355300000013
                            ],
                            [
                                13.251389000000131,
                                54.557777
                            ],
                            [
                                13.246111,
                                54.557777
                            ],
                            [
                                13.24472,
                                54.559166
                            ],
                            [
                                13.224722,
                                54.63388800000013
                            ],
                            [
                                13.224722,
                                54.639999
                            ],
                            [
                                13.22611,
                                54.64305100000013
                            ],
                            [
                                13.230555,
                                54.64777400000014
                            ],
                            [
                                13.24472,
                                54.656662
                            ],
                            [
                                13.263332000000105,
                                54.666664
                            ],
                            [
                                13.27861,
                                54.671387
                            ],
                            [
                                13.29222,
                                54.673332
                            ],
                            [
                                13.36444,
                                54.67944
                            ],
                            [
                                13.383888,
                                54.68083200000012
                            ],
                            [
                                13.424166,
                                54.6827770000001
                            ],
                            [
                                13.429998,
                                54.68222
                            ],
                            [
                                13.43778,
                                54.679718
                            ],
                            [
                                13.443054000000132,
                                54.675827
                            ],
                            [
                                13.443609,
                                54.67305
                            ],
                            [
                                13.44194,
                                54.67055
                            ],
                            [
                                13.42861,
                                54.66027100000014
                            ],
                            [
                                13.422499,
                                54.656944
                            ],
                            [
                                13.397221,
                                54.65222200000011
                            ],
                            [
                                13.390554,
                                54.649162
                            ],
                            [
                                13.385555,
                                54.644997
                            ],
                            [
                                13.383055,
                                54.638885
                            ]
                        ]
                    ],
                    [
                        [
                            [
                                8.364443,
                                54.61332700000014
                            ],
                            [
                                8.353611,
                                54.612778
                            ],
                            [
                                8.34889,
                                54.613609
                            ],
                            [
                                8.342222,
                                54.616661000000136
                            ],
                            [
                                8.331944000000135,
                                54.623604000000114
                            ],
                            [
                                8.298054,
                                54.65860700000013
                            ],
                            [
                                8.294998000000135,
                                54.66333
                            ],
                            [
                                8.294443,
                                54.666664
                            ],
                            [
                                8.296665,
                                54.6722180000001
                            ],
                            [
                                8.30749900000012,
                                54.687218
                            ],
                            [
                                8.311943,
                                54.691383
                            ],
                            [
                                8.342777000000126,
                                54.707771
                            ],
                            [
                                8.349722,
                                54.71083
                            ],
                            [
                                8.35389,
                                54.711662
                            ],
                            [
                                8.35805,
                                54.710548
                            ],
                            [
                                8.4,
                                54.627777
                            ],
                            [
                                8.36805500000014,
                                54.61444100000011
                            ],
                            [
                                8.364443,
                                54.61332700000014
                            ]
                        ]
                    ],
                    [
                        [
                            [
                                8.567778,
                                54.68527
                            ],
                            [
                                8.56361,
                                54.68416600000012
                            ],
                            [
                                8.488333000000125,
                                54.685555000000136
                            ],
                            [
                                8.47833,
                                54.686943
                            ],
                            [
                                8.402498,
                                54.70472
                            ],
                            [
                                8.39694,
                                54.708328
                            ],
                            [
                                8.39694,
                                54.713882
                            ],
                            [
                                8.406387,
                                54.729439
                            ],
                            [
                                8.413332,
                                54.735832
                            ],
                            [
                                8.425833,
                                54.742218
                            ],
                            [
                                8.44472,
                                54.748329
                            ],
                            [
                                8.461666,
                                54.751938
                            ],
                            [
                                8.53861,
                                54.755272
                            ],
                            [
                                8.551109,
                                54.75388
                            ],
                            [
                                8.569721,
                                54.750275
                            ],
                            [
                                8.581944,
                                54.746941
                            ],
                            [
                                8.584721,
                                54.744995
                            ],
                            [
                                8.586943,
                                54.74305
                            ],
                            [
                                8.594721,
                                54.721382
                            ],
                            [
                                8.594999,
                                54.71833
                            ],
                            [
                                8.572222,
                                54.689438
                            ],
                            [
                                8.567778,
                                54.68527
                            ]
                        ]
                    ],
                    [
                        [
                            [
                                10.979443,
                                54.380554
                            ],
                            [
                                10.955555,
                                54.382774
                            ],
                            [
                                10.955832,
                                54.380272
                            ],
                            [
                                10.958887,
                                54.376938
                            ],
                            [
                                10.962776000000133,
                                54.375832000000116
                            ],
                            [
                                10.986944,
                                54.371941
                            ],
                            [
                                11.016943,
                                54.369995
                            ],
                            [
                                11.044722,
                                54.36972000000014
                            ],
                            [
                                11.07389,
                                54.376389
                            ],
                            [
                                11.094166,
                                54.210274
                            ],
                            [
                                11.094444,
                                54.203888
                            ],
                            [
                                11.093054000000109,
                                54.19749500000012
                            ],
                            [
                                11.064444,
                                54.179718
                            ],
                            [
                                11.055555,
                                54.17472
                            ],
                            [
                                10.8875,
                                54.09333
                            ],
                            [
                                10.877499,
                                54.088882
                            ],
                            [
                                10.86972,
                                54.087494000000106
                            ],
                            [
                                10.839443,
                                54.09
                            ],
                            [
                                10.824999,
                                54.09166
                            ],
                            [
                                10.801388,
                                54.08944
                            ],
                            [
                                10.76639,
                                54.061104000000114
                            ],
                            [
                                10.758055,
                                54.05194100000011
                            ],
                            [
                                10.754999,
                                54.046661
                            ],
                            [
                                10.754721,
                                54.039993
                            ],
                            [
                                10.756388,
                                54.034439
                            ],
                            [
                                10.763332,
                                54.022217
                            ],
                            [
                                10.770277,
                                54.012772
                            ],
                            [
                                10.783888,
                                54.00055
                            ],
                            [
                                10.789999,
                                53.99721
                            ],
                            [
                                10.801109,
                                53.99388900000014
                            ],
                            [
                                10.822222000000124,
                                53.994164000000126
                            ],
                            [
                                10.861387,
                                53.99388900000014
                            ],
                            [
                                10.870554,
                                53.991943
                            ],
                            [
                                10.879999,
                                53.987778
                            ],
                            [
                                10.88389,
                                53.98333
                            ],
                            [
                                10.884722,
                                53.98055
                            ],
                            [
                                10.889721000000122,
                                53.957771
                            ],
                            [
                                10.890554000000122,
                                53.950829
                            ],
                            [
                                10.863609,
                                53.916939
                            ],
                            [
                                10.818535,
                                53.890053
                            ],
                            [
                                10.898888000000113,
                                53.93110700000011
                            ],
                            [
                                10.90443,
                                53.957344
                            ],
                            [
                                10.964722,
                                53.98027
                            ],
                            [
                                11.013054000000125,
                                53.995277
                            ],
                            [
                                11.05539,
                                54.007355
                            ],
                            [
                                11.094721,
                                54.01361
                            ],
                            [
                                11.176943,
                                54.015831
                            ],
                            [
                                11.18222,
                                54.015274
                            ],
                            [
                                11.189444,
                                54.012497
                            ],
                            [
                                11.192221,
                                54.010551000000135
                            ],
                            [
                                11.196665,
                                53.99388900000014
                            ],
                            [
                                11.244165,
                                53.942497
                            ],
                            [
                                11.248888,
                                53.93860600000011
                            ],
                            [
                                11.252222,
                                53.93694
                            ],
                            [
                                11.263332,
                                53.933052
                            ],
                            [
                                11.271944,
                                53.931664
                            ],
                            [
                                11.412777,
                                53.919716
                            ],
                            [
                                11.480833,
                                53.960274
                            ],
                            [
                                11.49222200000014,
                                53.99305
                            ],
                            [
                                11.49333,
                                53.99611
                            ],
                            [
                                11.5175,
                                54.031944
                            ],
                            [
                                11.52444,
                                54.034721000000104
                            ],
                            [
                                11.528889,
                                54.034439
                            ],
                            [
                                11.54472,
                                54.026382
                            ],
                            [
                                11.554722,
                                54.026939
                            ],
                            [
                                11.573889,
                                54.032494
                            ],
                            [
                                11.57972100000012,
                                54.03611000000012
                            ],
                            [
                                11.625555,
                                54.075554
                            ],
                            [
                                11.62944,
                                54.08055100000013
                            ],
                            [
                                11.630278,
                                54.086662
                            ],
                            [
                                11.627499,
                                54.09166
                            ],
                            [
                                11.621387,
                                54.098053
                            ],
                            [
                                11.61861,
                                54.10305
                            ],
                            [
                                11.61972,
                                54.106110000000115
                            ],
                            [
                                11.626665000000116,
                                54.112778000000105
                            ],
                            [
                                11.63944,
                                54.12277200000011
                            ],
                            [
                                11.676109,
                                54.149994
                            ],
                            [
                                11.68278,
                                54.15277100000014
                            ],
                            [
                                11.69083,
                                54.15471600000012
                            ],
                            [
                                11.700277,
                                54.155548
                            ],
                            [
                                11.747499,
                                54.156387
                            ],
                            [
                                11.986111,
                                54.17333
                            ],
                            [
                                12.129721,
                                54.191109
                            ],
                            [
                                12.326944,
                                54.286659
                            ],
                            [
                                12.343611000000124,
                                54.29777
                            ],
                            [
                                12.356110000000115,
                                54.308609
                            ],
                            [
                                12.436943,
                                54.391106
                            ],
                            [
                                12.480555,
                                54.44416
                            ],
                            [
                                12.526943,
                                54.474159
                            ],
                            [
                                12.540554,
                                54.45888500000012
                            ],
                            [
                                12.63861100000014,
                                54.448944
                            ],
                            [
                                12.66044,
                                54.44611
                            ],
                            [
                                12.680777,
                                54.444942
                            ],
                            [
                                12.803333,
                                54.442497
                            ],
                            [
                                12.892776,
                                54.443329
                            ],
                            [
                                12.908609,
                                54.441383
                            ],
                            [
                                12.919722,
                                54.433884
                            ],
                            [
                                12.923611,
                                54.429718
                            ],
                            [
                                12.924166,
                                54.42694100000011
                            ],
                            [
                                12.923054,
                                54.42388
                            ],
                            [
                                12.920832000000132,
                                54.421661
                            ],
                            [
                                12.917500000000132,
                                54.419998000000135
                            ],
                            [
                                12.880554000000132,
                                54.411942
                            ],
                            [
                                12.758337,
                                54.41304400000013
                            ],
                            [
                                12.729240000000118,
                                54.423363
                            ],
                            [
                                12.7129,
                                54.42967
                            ],
                            [
                                12.694698,
                                54.42967
                            ],
                            [
                                12.676065,
                                54.42049800000012
                            ],
                            [
                                12.665316000000132,
                                54.408745
                            ],
                            [
                                12.643222,
                                54.413887
                            ],
                            [
                                12.465555000000109,
                                54.39582800000011
                            ],
                            [
                                12.462221000000113,
                                54.39444
                            ],
                            [
                                12.425833000000125,
                                54.37249800000012
                            ],
                            [
                                12.36666,
                                54.307495
                            ],
                            [
                                12.365,
                                54.304718
                            ],
                            [
                                12.364443,
                                54.30110900000011
                            ],
                            [
                                12.36972,
                                54.264999
                            ],
                            [
                                12.372499,
                                54.263054
                            ],
                            [
                                12.385555000000124,
                                54.25666
                            ],
                            [
                                12.40361,
                                54.249718
                            ],
                            [
                                12.412777,
                                54.247772
                            ],
                            [
                                12.445,
                                54.246941
                            ],
                            [
                                12.453054000000122,
                                54.248886
                            ],
                            [
                                12.455832,
                                54.250832
                            ],
                            [
                                12.452499,
                                54.252220000000136
                            ],
                            [
                                12.43639,
                                54.253883
                            ],
                            [
                                12.427221,
                                54.255829
                            ],
                            [
                                12.41805,
                                54.260826
                            ],
                            [
                                12.41416500000014,
                                54.265274
                            ],
                            [
                                12.413332000000139,
                                54.271111
                            ],
                            [
                                12.41555,
                                54.27722200000011
                            ],
                            [
                                12.420555,
                                54.285271
                            ],
                            [
                                12.427221,
                                54.29222
                            ],
                            [
                                12.4775,
                                54.329994
                            ],
                            [
                                12.482777,
                                54.333885
                            ],
                            [
                                12.54972,
                                54.3605500000001
                            ],
                            [
                                12.581944,
                                54.368332
                            ],
                            [
                                12.624722,
                                54.372772
                            ],
                            [
                                12.682777,
                                54.376106
                            ],
                            [
                                12.764721,
                                54.37249800000012
                            ],
                            [
                                13.02389,
                                54.399719
                            ],
                            [
                                13.113888,
                                54.279716
                            ],
                            [
                                13.117777,
                                54.275276
                            ],
                            [
                                13.12889,
                                54.271111
                            ],
                            [
                                13.2125,
                                54.25193800000011
                            ],
                            [
                                13.282221,
                                54.236664
                            ],
                            [
                                13.288055,
                                54.233055
                            ],
                            [
                                13.379166000000112,
                                54.174438
                            ],
                            [
                                13.4533330000001,
                                54.098053
                            ],
                            [
                                13.4558320000001,
                                54.096107
                            ],
                            [
                                13.47972,
                                54.088608
                            ],
                            [
                                13.494444000000101,
                                54.0861
                            ],
                            [
                                13.499722,
                                54.0861
                            ],
                            [
                                13.480000000000132,
                                54.116943000000106
                            ],
                            [
                                13.480555,
                                54.11972
                            ],
                            [
                                13.495554,
                                54.12416100000013
                            ],
                            [
                                13.706665,
                                54.171104
                            ],
                            [
                                13.71167,
                                54.17139
                            ],
                            [
                                13.71833,
                                54.16971600000011
                            ],
                            [
                                13.788887,
                                54.109718
                            ],
                            [
                                13.799721,
                                54.087494000000106
                            ],
                            [
                                13.79833200000013,
                                54.08083
                            ],
                            [
                                13.786110000000122,
                                54.049995
                            ],
                            [
                                13.829721,
                                53.986382
                            ],
                            [
                                13.86694,
                                53.905
                            ],
                            [
                                13.863609,
                                53.9033280000001
                            ],
                            [
                                13.82111,
                                53.87638900000013
                            ],
                            [
                                13.807499,
                                53.860832
                            ],
                            [
                                13.806110000000103,
                                53.85777300000012
                            ],
                            [
                                13.807499,
                                53.85527000000013
                            ],
                            [
                                13.813055,
                                53.845276000000126
                            ],
                            [
                                13.95917,
                                53.774994
                            ],
                            [
                                14.22389,
                                53.700829
                            ],
                            [
                                14.247499000000118,
                                53.69694
                            ],
                            [
                                14.26528,
                                53.697777
                            ],
                            [
                                14.275627,
                                53.699066
                            ],
                            [
                                14.30972,
                                53.55555
                            ],
                            [
                                14.413261,
                                53.33896
                            ],
                            [
                                14.412777,
                                53.30444
                            ],
                            [
                                14.391689,
                                53.144165
                            ],
                            [
                                14.3825,
                                53.116386
                            ],
                            [
                                14.378054,
                                53.103882
                            ],
                            [
                                14.352499,
                                53.052773
                            ],
                            [
                                14.342222,
                                53.044998000000135
                            ],
                            [
                                14.299702,
                                53.021431
                            ],
                            [
                                14.28777700000012,
                                53.016106
                            ],
                            [
                                14.22889,
                                52.990273000000116
                            ],
                            [
                                14.221943,
                                52.987495
                            ],
                            [
                                14.200277,
                                52.98472
                            ],
                            [
                                14.16889,
                                52.97333
                            ],
                            [
                                14.149443,
                                52.96277600000013
                            ],
                            [
                                14.146111,
                                52.9575
                            ],
                            [
                                14.145555000000115,
                                52.95389
                            ],
                            [
                                14.149166,
                                52.862778
                            ],
                            [
                                14.19639,
                                52.820549
                            ],
                            [
                                14.21444300000013,
                                52.81666600000011
                            ],
                            [
                                14.348888,
                                52.751663
                            ],
                            [
                                14.361111000000108,
                                52.744995
                            ],
                            [
                                14.383333,
                                52.73083
                            ],
                            [
                                14.448332,
                                52.675278
                            ],
                            [
                                14.475555,
                                52.654160000000104
                            ],
                            [
                                14.481943000000115,
                                52.65083
                            ],
                            [
                                14.505833,
                                52.641388
                            ],
                            [
                                14.518332,
                                52.637772
                            ],
                            [
                                14.527777,
                                52.636108
                            ],
                            [
                                14.54749900000013,
                                52.62999700000012
                            ],
                            [
                                14.561666000000116,
                                52.62444
                            ],
                            [
                                14.58722,
                                52.611938
                            ],
                            [
                                14.60433,
                                52.601723
                            ],
                            [
                                14.638332000000105,
                                52.574715
                            ],
                            [
                                14.640276,
                                52.572495
                            ],
                            [
                                14.641388,
                                52.57
                            ],
                            [
                                14.637220000000127,
                                52.497215
                            ],
                            [
                                14.636389000000122,
                                52.490555
                            ],
                            [
                                14.623333,
                                52.477219000000105
                            ],
                            [
                                14.587776,
                                52.44166600000011
                            ],
                            [
                                14.582499,
                                52.43805
                            ],
                            [
                                14.567221,
                                52.43388
                            ],
                            [
                                14.559166,
                                52.43249500000013
                            ],
                            [
                                14.54861,
                                52.42889
                            ],
                            [
                                14.54611,
                                52.426941
                            ],
                            [
                                14.54389,
                                52.42472
                            ],
                            [
                                14.53722,
                                52.406944
                            ],
                            [
                                14.534443,
                                52.397774
                            ],
                            [
                                14.534443,
                                52.394722000000115
                            ],
                            [
                                14.57805,
                                52.29055000000011
                            ],
                            [
                                14.58166,
                                52.28611000000012
                            ],
                            [
                                14.596109000000126,
                                52.274437
                            ],
                            [
                                14.601665,
                                52.271111
                            ],
                            [
                                14.65583,
                                52.26028
                            ],
                            [
                                14.692497,
                                52.25444
                            ],
                            [
                                14.70388800000012,
                                52.24971800000014
                            ],
                            [
                                14.710554000000116,
                                52.24388900000014
                            ],
                            [
                                14.713333,
                                52.239166000000125
                            ],
                            [
                                14.760765,
                                52.069862
                            ],
                            [
                                14.718542,
                                51.945091000000104
                            ],
                            [
                                14.71656,
                                51.941132
                            ],
                            [
                                14.692499,
                                51.89888800000011
                            ],
                            [
                                14.68722,
                                51.894997
                            ],
                            [
                                14.648054,
                                51.866943
                            ],
                            [
                                14.645277,
                                51.864998
                            ],
                            [
                                14.640276,
                                51.862221
                            ],
                            [
                                14.61611,
                                51.85388200000011
                            ],
                            [
                                14.605,
                                51.843887
                            ],
                            [
                                14.603333,
                                51.84111
                            ],
                            [
                                14.600555,
                                51.83138300000013
                            ],
                            [
                                14.599165,
                                51.821388
                            ],
                            [
                                14.599443000000122,
                                51.81860400000011
                            ],
                            [
                                14.60472,
                                51.80888
                            ],
                            [
                                14.663332,
                                51.728607
                            ],
                            [
                                14.666943,
                                51.724159
                            ],
                            [
                                14.678333,
                                51.714165
                            ],
                            [
                                14.698055000000124,
                                51.70222
                            ],
                            [
                                14.715832,
                                51.69416
                            ],
                            [
                                14.72833,
                                51.68777
                            ],
                            [
                                14.755278,
                                51.669998000000135
                            ],
                            [
                                14.756388,
                                51.667496
                            ],
                            [
                                14.757500000000107,
                                51.659439
                            ],
                            [
                                14.76111,
                                51.617218
                            ],
                            [
                                14.761389,
                                51.611382
                            ],
                            [
                                14.759998,
                                51.604439
                            ],
                            [
                                14.75444,
                                51.596939000000134
                            ],
                            [
                                14.714998,
                                51.554722
                            ],
                            [
                                14.73611,
                                51.528053000000114
                            ],
                            [
                                14.74278,
                                51.52499
                            ],
                            [
                                14.8375,
                                51.498604000000114
                            ],
                            [
                                14.92111,
                                51.481941
                            ],
                            [
                                14.95111,
                                51.471382
                            ],
                            [
                                14.95417,
                                51.469719
                            ],
                            [
                                14.95583,
                                51.467499
                            ],
                            [
                                14.975555,
                                51.440826
                            ],
                            [
                                14.981833,
                                51.36805
                            ],
                            [
                                14.971666,
                                51.358887
                            ],
                            [
                                14.971666,
                                51.355553
                            ],
                            [
                                14.980555,
                                51.338333
                            ],
                            [
                                14.986111000000108,
                                51.328888
                            ],
                            [
                                14.995554,
                                51.3211060000001
                            ],
                            [
                                15.009722,
                                51.312492
                            ],
                            [
                                15.03,
                                51.294716
                            ],
                            [
                                15.03639,
                                51.285553
                            ],
                            [
                                15.03889,
                                51.27166
                            ],
                            [
                                15.032221,
                                51.23917
                            ],
                            [
                                14.99444,
                                51.118607
                            ],
                            [
                                14.978888,
                                51.078331
                            ],
                            [
                                14.966389,
                                51.053604
                            ],
                            [
                                14.96472,
                                51.050827
                            ],
                            [
                                14.93111,
                                51.002495000000124
                            ],
                            [
                                14.896944000000133,
                                50.959442
                            ],
                            [
                                14.827776,
                                50.88694
                            ],
                            [
                                14.824165,
                                50.881943
                            ],
                            [
                                14.824999000000105,
                                50.876389
                            ],
                            [
                                14.8283330000001,
                                50.865829
                            ],
                            [
                                14.824999000000105,
                                50.856384
                            ],
                            [
                                14.804165,
                                50.820549
                            ],
                            [
                                14.801666,
                                50.81889
                            ],
                            [
                                14.776388,
                                50.818329
                            ],
                            [
                                14.76667,
                                50.818329
                            ],
                            [
                                14.739721,
                                50.823883
                            ],
                            [
                                14.717777,
                                50.829163
                            ],
                            [
                                14.65167,
                                50.847221
                            ],
                            [
                                14.62167,
                                50.85555
                            ],
                            [
                                14.61916,
                                50.8575
                            ],
                            [
                                14.61805500000014,
                                50.859993
                            ],
                            [
                                14.631388,
                                50.881104
                            ],
                            [
                                14.628332000000114,
                                50.92360700000012
                            ],
                            [
                                14.597221000000104,
                                50.982498
                            ],
                            [
                                14.569166,
                                51.005554
                            ],
                            [
                                14.491665,
                                51.03666
                            ],
                            [
                                14.30972,
                                51.053604
                            ],
                            [
                                14.302776,
                                51.051384
                            ],
                            [
                                14.28555,
                                51.037498
                            ],
                            [
                                14.265554,
                                51.0094380000001
                            ],
                            [
                                14.255554000000132,
                                50.99305
                            ],
                            [
                                14.254999,
                                50.990273000000116
                            ],
                            [
                                14.256109,
                                50.987778000000105
                            ],
                            [
                                14.31972100000013,
                                50.94694
                            ],
                            [
                                14.322777,
                                50.94527
                            ],
                            [
                                14.368332,
                                50.934998
                            ],
                            [
                                14.311388,
                                50.88222
                            ],
                            [
                                14.155554,
                                50.843048
                            ],
                            [
                                13.99472,
                                50.815277
                            ],
                            [
                                13.986666,
                                50.81360600000011
                            ],
                            [
                                13.904444,
                                50.789444
                            ],
                            [
                                13.902777000000128,
                                50.78694
                            ],
                            [
                                13.89111,
                                50.768883
                            ],
                            [
                                13.734165,
                                50.730827
                            ],
                            [
                                13.66944,
                                50.72583
                            ],
                            [
                                13.634722,
                                50.722221000000104
                            ],
                            [
                                13.582222,
                                50.709442
                            ],
                            [
                                13.541111,
                                50.68972
                            ],
                            [
                                13.510832,
                                50.65055100000012
                            ],
                            [
                                13.515554,
                                50.64694200000014
                            ],
                            [
                                13.519722000000115,
                                50.642776
                            ],
                            [
                                13.520277,
                                50.64
                            ],
                            [
                                13.518332,
                                50.637772
                            ],
                            [
                                13.4725,
                                50.60527
                            ],
                            [
                                13.463888,
                                50.60027
                            ],
                            [
                                13.458611,
                                50.600555
                            ],
                            [
                                13.436666,
                                50.60527
                            ],
                            [
                                13.416388,
                                50.61055
                            ],
                            [
                                13.413332000000139,
                                50.612221
                            ],
                            [
                                13.378332,
                                50.6294400000001
                            ],
                            [
                                13.25111,
                                50.59
                            ],
                            [
                                13.248055000000136,
                                50.588333
                            ],
                            [
                                13.224165,
                                50.564720000000136
                            ],
                            [
                                13.222221000000104,
                                50.558609
                            ],
                            [
                                13.222221000000104,
                                50.55555
                            ],
                            [
                                13.223888,
                                50.550278
                            ],
                            [
                                13.223888,
                                50.546944
                            ],
                            [
                                13.222776,
                                50.544167
                            ],
                            [
                                13.20889,
                                50.52388800000011
                            ],
                            [
                                13.20333,
                                50.51694
                            ],
                            [
                                13.19111,
                                50.50361
                            ],
                            [
                                13.18333200000012,
                                50.50193800000011
                            ],
                            [
                                13.079443,
                                50.498055
                            ],
                            [
                                13.01889,
                                50.442215
                            ],
                            [
                                13.011665,
                                50.436386
                            ],
                            [
                                12.991943,
                                50.421104
                            ],
                            [
                                12.985558,
                                50.41833
                            ],
                            [
                                12.950554000000125,
                                50.41111
                            ],
                            [
                                12.938889,
                                50.408882
                            ],
                            [
                                12.91722,
                                50.414719
                            ],
                            [
                                12.899721,
                                50.424438
                            ],
                            [
                                12.89694,
                                50.42610900000011
                            ],
                            [
                                12.85583,
                                50.442215
                            ],
                            [
                                12.83139,
                                50.45166
                            ],
                            [
                                12.818888,
                                50.454437
                            ],
                            [
                                12.77611,
                                50.44583
                            ],
                            [
                                12.768332,
                                50.44416
                            ],
                            [
                                12.74611,
                                50.434715
                            ],
                            [
                                12.73472,
                                50.42832900000013
                            ],
                            [
                                12.671389,
                                50.411942000000124
                            ],
                            [
                                12.623333,
                                50.411942000000124
                            ],
                            [
                                12.618610000000103,
                                50.411942000000124
                            ],
                            [
                                12.51861,
                                50.393883
                            ],
                            [
                                12.51222,
                                50.391106
                            ],
                            [
                                12.486111,
                                50.373055000000136
                            ],
                            [
                                12.398611,
                                50.309166
                            ],
                            [
                                12.325554,
                                50.236107
                            ],
                            [
                                12.323055,
                                50.2066650000001
                            ],
                            [
                                12.28417,
                                50.21527
                            ],
                            [
                                12.278055000000109,
                                50.22166
                            ],
                            [
                                12.195833000000107,
                                50.305832
                            ],
                            [
                                12.180277,
                                50.31638
                            ],
                            [
                                12.177221,
                                50.318054
                            ],
                            [
                                12.093704,
                                50.322533
                            ],
                            [
                                12.120832,
                                50.309441
                            ],
                            [
                                12.123333,
                                50.30749500000013
                            ],
                            [
                                12.208611,
                                50.169441
                            ],
                            [
                                12.209721,
                                50.16389
                            ],
                            [
                                12.20917,
                                50.160553
                            ],
                            [
                                12.196388,
                                50.143883
                            ],
                            [
                                12.193888000000129,
                                50.138054
                            ],
                            [
                                12.192499000000112,
                                50.13166
                            ],
                            [
                                12.206142,
                                50.106209
                            ],
                            [
                                12.265554000000122,
                                50.066109
                            ],
                            [
                                12.307499,
                                50.047493
                            ],
                            [
                                12.429443,
                                49.993889
                            ],
                            [
                                12.471109,
                                49.985832
                            ],
                            [
                                12.490000000000123,
                                49.976662
                            ],
                            [
                                12.492777,
                                49.975
                            ],
                            [
                                12.544167,
                                49.91805
                            ],
                            [
                                12.545555,
                                49.91555
                            ],
                            [
                                12.54722,
                                49.907219
                            ],
                            [
                                12.54694400000011,
                                49.8975
                            ],
                            [
                                12.469444,
                                49.784721000000104
                            ],
                            [
                                12.467499,
                                49.782219
                            ],
                            [
                                12.455555000000118,
                                49.695549
                            ],
                            [
                                12.47611,
                                49.690826
                            ],
                            [
                                12.508888,
                                49.682495
                            ],
                            [
                                12.513054,
                                49.68138900000014
                            ],
                            [
                                12.515554,
                                49.679443
                            ],
                            [
                                12.524443000000133,
                                49.66555
                            ],
                            [
                                12.554722,
                                49.616661
                            ],
                            [
                                12.578609,
                                49.560555000000136
                            ],
                            [
                                12.597776,
                                49.527496
                            ],
                            [
                                12.674444,
                                49.42499500000014
                            ],
                            [
                                12.78611,
                                49.34416
                            ],
                            [
                                12.795555,
                                49.33972
                            ],
                            [
                                12.80361,
                                49.337776
                            ],
                            [
                                12.87861,
                                49.328049000000135
                            ],
                            [
                                12.883333,
                                49.3274990000001
                            ],
                            [
                                12.887777,
                                49.327774
                            ],
                            [
                                12.891109,
                                49.328888
                            ],
                            [
                                12.893055,
                                49.331108
                            ],
                            [
                                12.885277,
                                49.33972
                            ],
                            [
                                12.88416500000011,
                                49.342216
                            ],
                            [
                                12.88416500000011,
                                49.345276000000126
                            ],
                            [
                                12.88611,
                                49.346939
                            ],
                            [
                                12.8908330000001,
                                49.346939
                            ],
                            [
                                12.945555,
                                49.339439
                            ],
                            [
                                12.957222000000115,
                                49.33639
                            ],
                            [
                                12.96666,
                                49.33194
                            ],
                            [
                                13.031111,
                                49.28777300000013
                            ],
                            [
                                13.173054,
                                49.16722
                            ],
                            [
                                13.314165,
                                49.103333000000134
                            ],
                            [
                                13.322777,
                                49.098328
                            ],
                            [
                                13.39528,
                                49.050278000000105
                            ],
                            [
                                13.396944,
                                49.04805
                            ],
                            [
                                13.40254,
                                49.006187
                            ],
                            [
                                13.50972,
                                48.9725
                            ],
                            [
                                13.564826,
                                48.973667
                            ],
                            [
                                13.580555,
                                48.970833
                            ],
                            [
                                13.587776,
                                48.966385
                            ],
                            [
                                13.59111,
                                48.959717
                            ],
                            [
                                13.593332,
                                48.956940000000145
                            ],
                            [
                                13.59972,
                                48.951942000000145
                            ],
                            [
                                13.605276000000117,
                                48.95082900000011
                            ],
                            [
                                13.626389000000131,
                                48.953331
                            ],
                            [
                                13.6275,
                                48.950554
                            ],
                            [
                                13.624998,
                                48.94749500000012
                            ],
                            [
                                13.625555,
                                48.93916300000012
                            ],
                            [
                                13.641109,
                                48.914162
                            ],
                            [
                                13.649166,
                                48.90610500000014
                            ],
                            [
                                13.655554000000109,
                                48.901108
                            ],
                            [
                                13.661943,
                                48.896385
                            ],
                            [
                                13.666666,
                                48.894722000000115
                            ],
                            [
                                13.677776,
                                48.884163
                            ],
                            [
                                13.691111,
                                48.878326
                            ],
                            [
                                13.707777,
                                48.880272
                            ],
                            [
                                13.719444000000124,
                                48.878326
                            ],
                            [
                                13.724443,
                                48.8794400000001
                            ],
                            [
                                13.731943,
                                48.88361
                            ],
                            [
                                13.736666,
                                48.883888
                            ],
                            [
                                13.740833,
                                48.88166
                            ],
                            [
                                13.7425,
                                48.87444
                            ],
                            [
                                13.745832,
                                48.867775
                            ],
                            [
                                13.753332,
                                48.85916
                            ],
                            [
                                13.756666,
                                48.85249
                            ],
                            [
                                13.761389,
                                48.84694
                            ],
                            [
                                13.763054000000125,
                                48.8436
                            ],
                            [
                                13.765554,
                                48.8408280000001
                            ],
                            [
                                13.76944,
                                48.838608
                            ],
                            [
                                13.77944,
                                48.83583
                            ],
                            [
                                13.78583,
                                48.830826000000116
                            ],
                            [
                                13.802776000000108,
                                48.810829
                            ],
                            [
                                13.81389,
                                48.800278
                            ],
                            [
                                13.815554,
                                48.796944
                            ],
                            [
                                13.815832,
                                48.79277000000013
                            ],
                            [
                                13.81278,
                                48.78527100000014
                            ],
                            [
                                13.812222,
                                48.78083
                            ],
                            [
                                13.815554,
                                48.77833
                            ],
                            [
                                13.832499,
                                48.774994
                            ],
                            [
                                13.833611,
                                48.7736
                            ],
                            [
                                13.81472,
                                48.73805
                            ],
                            [
                                13.826666,
                                48.643051
                            ],
                            [
                                13.82694400000014,
                                48.638885
                            ],
                            [
                                13.825277,
                                48.62527
                            ],
                            [
                                13.82278,
                                48.617218
                            ],
                            [
                                13.804998,
                                48.58416
                            ],
                            [
                                13.8025,
                                48.581108
                            ],
                            [
                                13.725996,
                                48.515587
                            ],
                            [
                                13.683054,
                                48.529442
                            ],
                            [
                                13.674721,
                                48.533051
                            ],
                            [
                                13.666943,
                                48.537216
                            ],
                            [
                                13.657776,
                                48.549164
                            ],
                            [
                                13.65167,
                                48.554161000000136
                            ],
                            [
                                13.602777000000117,
                                48.56805
                            ],
                            [
                                13.526943,
                                48.585
                            ],
                            [
                                13.51528,
                                48.58527400000014
                            ],
                            [
                                13.50528,
                                48.58305400000012
                            ],
                            [
                                13.450554,
                                48.568886
                            ],
                            [
                                13.441666,
                                48.565552
                            ],
                            [
                                13.435,
                                48.561104000000114
                            ],
                            [
                                13.43528,
                                48.556938
                            ],
                            [
                                13.443609,
                                48.55055
                            ],
                            [
                                13.4475,
                                48.544441
                            ],
                            [
                                13.457777,
                                48.517776
                            ],
                            [
                                13.457222,
                                48.51332900000011
                            ],
                            [
                                13.44,
                                48.43527
                            ],
                            [
                                13.435833,
                                48.423607
                            ],
                            [
                                13.423332,
                                48.393608
                            ],
                            [
                                13.421665,
                                48.389999
                            ],
                            [
                                13.419167,
                                48.38694
                            ],
                            [
                                13.394999,
                                48.366104
                            ],
                            [
                                13.334999,
                                48.328606
                            ],
                            [
                                13.31305,
                                48.315826
                            ],
                            [
                                13.291943,
                                48.307495
                            ],
                            [
                                13.27861,
                                48.30305
                            ],
                            [
                                13.258055000000127,
                                48.298882
                            ],
                            [
                                13.154444,
                                48.292221
                            ],
                            [
                                13.01777600000014,
                                48.2594380000001
                            ],
                            [
                                12.874998000000119,
                                48.204994
                            ],
                            [
                                12.867498,
                                48.200829
                            ],
                            [
                                12.7675,
                                48.131943
                            ],
                            [
                                12.76083,
                                48.12722
                            ],
                            [
                                12.75833,
                                48.123886
                            ],
                            [
                                12.755,
                                48.116943
                            ],
                            [
                                12.753332,
                                48.109161
                            ],
                            [
                                12.754444,
                                48.10555
                            ],
                            [
                                12.764166000000102,
                                48.085274
                            ],
                            [
                                12.768332,
                                48.079163
                            ],
                            [
                                12.79278,
                                48.059441000000106
                            ],
                            [
                                12.805555,
                                48.049721
                            ],
                            [
                                12.8375,
                                48.03
                            ],
                            [
                                12.853333,
                                48.01777600000014
                            ],
                            [
                                12.85833,
                                48.012215
                            ],
                            [
                                12.863194,
                                48
                            ],
                            [
                                12.865342,
                                47.99459800000011
                            ],
                            [
                                12.918888,
                                47.957771
                            ],
                            [
                                12.96666,
                                47.906944000000124
                            ],
                            [
                                13.008888,
                                47.854164
                            ],
                            [
                                12.97333,
                                47.813332
                            ],
                            [
                                12.967777,
                                47.80778
                            ],
                            [
                                12.94861,
                                47.79277000000013
                            ],
                            [
                                12.939722,
                                47.784721000000104
                            ],
                            [
                                12.912498000000141,
                                47.733055
                            ],
                            [
                                12.91139,
                                47.72916
                            ],
                            [
                                12.910831,
                                47.724442
                            ],
                            [
                                12.911943,
                                47.720833
                            ],
                            [
                                12.917500000000132,
                                47.715553
                            ],
                            [
                                12.923611,
                                47.714722
                            ],
                            [
                                12.98499900000013,
                                47.712219
                            ],
                            [
                                12.99111,
                                47.712494
                            ],
                            [
                                12.995554,
                                47.714165
                            ],
                            [
                                13.003332,
                                47.717773
                            ],
                            [
                                13.014166,
                                47.72416
                            ],
                            [
                                13.01916,
                                47.72527300000013
                            ],
                            [
                                13.024443,
                                47.724998
                            ],
                            [
                                13.034443,
                                47.722221
                            ],
                            [
                                13.058332,
                                47.70611
                            ],
                            [
                                13.074999000000105,
                                47.690277
                            ],
                            [
                                13.08,
                                47.684441000000106
                            ],
                            [
                                13.099998000000141,
                                47.645
                            ],
                            [
                                13.10027700000012,
                                47.640831000000105
                            ],
                            [
                                13.054998,
                                47.5
                            ],
                            [
                                13.053055,
                                47.496384
                            ],
                            [
                                13.050278,
                                47.49389
                            ],
                            [
                                13.01667,
                                47.470276
                            ],
                            [
                                13.011665,
                                47.469162
                            ],
                            [
                                13.004999000000112,
                                47.469444000000124
                            ],
                            [
                                12.96305500000011,
                                47.475555
                            ],
                            [
                                12.95269,
                                47.478477
                            ],
                            [
                                12.809721,
                                47.55222
                            ],
                            [
                                12.80361,
                                47.55722000000014
                            ],
                            [
                                12.78944,
                                47.579437
                            ],
                            [
                                12.78611,
                                47.585831
                            ],
                            [
                                12.787777,
                                47.589439
                            ],
                            [
                                12.800278,
                                47.613052
                            ],
                            [
                                12.808887,
                                47.616386
                            ],
                            [
                                12.814444,
                                47.616943
                            ],
                            [
                                12.827776,
                                47.616386
                            ],
                            [
                                12.83083,
                                47.618889
                            ],
                            [
                                12.82917,
                                47.622215
                            ],
                            [
                                12.82361,
                                47.62749
                            ],
                            [
                                12.74472,
                                47.68110700000011
                            ],
                            [
                                12.735554,
                                47.684166
                            ],
                            [
                                12.722776000000124,
                                47.684441000000106
                            ],
                            [
                                12.665833,
                                47.684998
                            ],
                            [
                                12.606943,
                                47.674438
                            ],
                            [
                                12.60278,
                                47.672775000000115
                            ],
                            [
                                12.596943,
                                47.66749600000014
                            ],
                            [
                                12.57639,
                                47.6441650000001
                            ],
                            [
                                12.56667,
                                47.64194
                            ],
                            [
                                12.518055,
                                47.632217
                            ],
                            [
                                12.51278,
                                47.633331
                            ],
                            [
                                12.508888,
                                47.63528
                            ],
                            [
                                12.455,
                                47.66777
                            ],
                            [
                                12.201111,
                                47.65749
                            ],
                            [
                                12.206856,
                                47.639534
                            ],
                            [
                                12.20778,
                                47.627220000000136
                            ],
                            [
                                12.206388,
                                47.618607
                            ],
                            [
                                12.20472,
                                47.61496
                            ],
                            [
                                12.199377,
                                47.61026
                            ],
                            [
                                12.195745000000102,
                                47.608124
                            ],
                            [
                                12.14139,
                                47.61110700000012
                            ],
                            [
                                12.111111,
                                47.6147160000001
                            ],
                            [
                                12.059999,
                                47.62055
                            ],
                            [
                                12.006388000000129,
                                47.624443
                            ],
                            [
                                11.919998,
                                47.614166
                            ],
                            [
                                11.68305400000014,
                                47.584717
                            ],
                            [
                                11.583611000000133,
                                47.527222
                            ],
                            [
                                11.57778,
                                47.52194200000014
                            ],
                            [
                                11.57444,
                                47.52
                            ],
                            [
                                11.554443000000106,
                                47.51555
                            ],
                            [
                                11.505278,
                                47.509163
                            ],
                            [
                                11.457499,
                                47.51221
                            ],
                            [
                                11.296389,
                                47.428886
                            ],
                            [
                                11.1125,
                                47.396942
                            ],
                            [
                                11.095554,
                                47.396111
                            ],
                            [
                                11.02861,
                                47.395271
                            ],
                            [
                                11.008333000000107,
                                47.395828
                            ],
                            [
                                10.98361,
                                47.398048
                            ],
                            [
                                10.978333,
                                47.399162
                            ],
                            [
                                10.97361,
                                47.400551
                            ],
                            [
                                10.971109,
                                47.40333
                            ],
                            [
                                10.909443,
                                47.518051
                            ],
                            [
                                10.690832,
                                47.55389
                            ],
                            [
                                10.569443,
                                47.540276
                            ],
                            [
                                10.484165,
                                47.582771
                            ],
                            [
                                10.484444,
                                47.58722
                            ],
                            [
                                10.482777000000112,
                                47.59055
                            ],
                            [
                                10.47805,
                                47.59194200000013
                            ],
                            [
                                10.472500000000139,
                                47.591385
                            ],
                            [
                                10.44361,
                                47.583885
                            ],
                            [
                                10.434166,
                                47.581383
                            ],
                            [
                                10.43,
                                47.57972
                            ],
                            [
                                10.426943,
                                47.57694
                            ],
                            [
                                10.436388,
                                47.52916
                            ],
                            [
                                10.458332,
                                47.49110400000012
                            ],
                            [
                                10.467499,
                                47.483604
                            ],
                            [
                                10.46917,
                                47.480553
                            ],
                            [
                                10.469721,
                                47.47639
                            ],
                            [
                                10.474165,
                                47.439720000000136
                            ],
                            [
                                10.47333,
                                47.435555000000136
                            ],
                            [
                                10.429722,
                                47.396111
                            ],
                            [
                                10.339998,
                                47.314995
                            ],
                            [
                                10.337221000000113,
                                47.312492000000134
                            ],
                            [
                                10.329443,
                                47.30832700000013
                            ],
                            [
                                10.274443,
                                47.28889
                            ],
                            [
                                10.232777,
                                47.276665
                            ],
                            [
                                10.22805,
                                47.275551
                            ],
                            [
                                10.221943,
                                47.27528
                            ],
                            [
                                10.173332,
                                47.274719
                            ],
                            [
                                10.21167,
                                47.322495
                            ],
                            [
                                10.23139,
                                47.36999500000013
                            ],
                            [
                                10.232777,
                                47.3736
                            ],
                            [
                                10.23139,
                                47.381386
                            ],
                            [
                                10.04305,
                                47.4952770000001
                            ],
                            [
                                9.955,
                                47.539719
                            ],
                            [
                                9.81361,
                                47.593605
                            ],
                            [
                                9.808332,
                                47.594719
                            ],
                            [
                                9.782499,
                                47.594444
                            ],
                            [
                                9.773611,
                                47.591385
                            ],
                            [
                                9.763054,
                                47.584717
                            ],
                            [
                                9.749443,
                                47.57083100000011
                            ],
                            [
                                9.74305500000014,
                                47.560829000000126
                            ],
                            [
                                9.73639,
                                47.546944
                            ],
                            [
                                9.7292,
                                47.535297
                            ],
                            [
                                9.692531,
                                47.52951400000012
                            ],
                            [
                                9.651506,
                                47.52951400000012
                            ],
                            [
                                9.610482,
                                47.52951400000012
                            ],
                            [
                                9.607064,
                                47.52951400000012
                            ],
                            [
                                9.577914,
                                47.537418
                            ],
                            [
                                9.566724,
                                47.54045
                            ],
                            [
                                9.478322000000105,
                                47.57585
                            ],
                            [
                                9.261095,
                                47.662842
                            ],
                            [
                                9.086943,
                                47.684998
                            ],
                            [
                                9.07833,
                                47.685829
                            ],
                            [
                                9.0425,
                                47.688889
                            ],
                            [
                                9.02417,
                                47.6877750000001
                            ],
                            [
                                9.004999,
                                47.682495
                            ],
                            [
                                8.996666000000118,
                                47.679161
                            ],
                            [
                                8.98555,
                                47.672775000000115
                            ],
                            [
                                8.973331,
                                47.66749600000014
                            ],
                            [
                                8.94778,
                                47.65749
                            ],
                            [
                                8.934166,
                                47.653053
                            ],
                            [
                                8.917776000000117,
                                47.650551
                            ],
                            [
                                8.904999,
                                47.650276
                            ],
                            [
                                8.89278,
                                47.651382
                            ],
                            [
                                8.883299000000136,
                                47.654148
                            ],
                            [
                                8.855833,
                                47.698883
                            ],
                            [
                                8.835278,
                                47.718048
                            ],
                            [
                                8.808887,
                                47.73583200000013
                            ],
                            [
                                8.804165,
                                47.73722
                            ],
                            [
                                8.799999000000128,
                                47.735275
                            ],
                            [
                                8.777777,
                                47.722771
                            ],
                            [
                                8.772221,
                                47.717499
                            ],
                            [
                                8.772778,
                                47.713333
                            ],
                            [
                                8.774721000000113,
                                47.710274
                            ],
                            [
                                8.800133,
                                47.681725
                            ],
                            [
                                8.761389000000122,
                                47.692215
                            ],
                            [
                                8.74528,
                                47.695
                            ],
                            [
                                8.720222,
                                47.69662
                            ],
                            [
                                8.729166,
                                47.70388800000012
                            ],
                            [
                                8.730698,
                                47.705673
                            ],
                            [
                                8.734165,
                                47.709717000000126
                            ],
                            [
                                8.734999,
                                47.713882000000126
                            ],
                            [
                                8.736944000000108,
                                47.75444
                            ],
                            [
                                8.736944000000108,
                                47.758049
                            ],
                            [
                                8.734999,
                                47.761383
                            ],
                            [
                                8.685555,
                                47.786659
                            ],
                            [
                                8.661388000000102,
                                47.79805
                            ],
                            [
                                8.61472,
                                47.803604
                            ],
                            [
                                8.60861,
                                47.804161
                            ],
                            [
                                8.56611,
                                47.806938
                            ],
                            [
                                8.559721,
                                47.806389
                            ],
                            [
                                8.479443,
                                47.7725
                            ],
                            [
                                8.47611,
                                47.7699970000001
                            ],
                            [
                                8.47333,
                                47.76749400000011
                            ],
                            [
                                8.406666,
                                47.70388800000012
                            ],
                            [
                                8.407221,
                                47.699715
                            ],
                            [
                                8.413332,
                                47.67832900000013
                            ],
                            [
                                8.424721,
                                47.66944100000012
                            ],
                            [
                                8.47555,
                                47.646942
                            ],
                            [
                                8.495277,
                                47.647217
                            ],
                            [
                                8.51833,
                                47.64971900000012
                            ],
                            [
                                8.52583,
                                47.65361
                            ],
                            [
                                8.52805,
                                47.65694
                            ],
                            [
                                8.536943000000122,
                                47.664444
                            ],
                            [
                                8.545832,
                                47.66749600000014
                            ],
                            [
                                8.55139,
                                47.66833
                            ],
                            [
                                8.580555000000118,
                                47.668610000000115
                            ],
                            [
                                8.610254,
                                47.667732000000115
                            ],
                            [
                                8.620832,
                                47.66111
                            ],
                            [
                                8.626944,
                                47.656105
                            ],
                            [
                                8.629444,
                                47.6533280000001
                            ],
                            [
                                8.630833,
                                47.64971900000012
                            ],
                            [
                                8.629166,
                                47.646111
                            ],
                            [
                                8.594721,
                                47.601662
                            ],
                            [
                                8.591389,
                                47.599442
                            ],
                            [
                                8.57642,
                                47.59137
                            ],
                            [
                                8.569430000000125,
                                47.598537000000135
                            ],
                            [
                                8.565554,
                                47.61444100000011
                            ],
                            [
                                8.562222,
                                47.621384
                            ],
                            [
                                8.558332,
                                47.623329
                            ],
                            [
                                8.53139,
                                47.63277
                            ],
                            [
                                8.519999,
                                47.634163000000115
                            ],
                            [
                                8.51111,
                                47.631104
                            ],
                            [
                                8.477499,
                                47.612221
                            ],
                            [
                                8.464998,
                                47.602493
                            ],
                            [
                                8.435833,
                                47.57361
                            ],
                            [
                                8.3908330000001,
                                47.57999400000011
                            ],
                            [
                                8.2925,
                                47.605827
                            ],
                            [
                                8.28805,
                                47.611664
                            ],
                            [
                                8.283333,
                                47.613052
                            ],
                            [
                                8.240833,
                                47.619438
                            ],
                            [
                                8.205555,
                                47.62167
                            ],
                            [
                                8.198889,
                                47.62167
                            ],
                            [
                                8.19333300000011,
                                47.620827
                            ],
                            [
                                8.18528,
                                47.617218
                            ],
                            [
                                8.11083200000013,
                                47.581108
                            ],
                            [
                                8.108055,
                                47.578331
                            ],
                            [
                                8.103888,
                                47.571938
                            ],
                            [
                                8.102499,
                                47.568329
                            ],
                            [
                                8.09972,
                                47.56555200000014
                            ],
                            [
                                8.092222,
                                47.561661
                            ],
                            [
                                8.086666,
                                47.560555
                            ],
                            [
                                8.033333000000141,
                                47.556107
                            ],
                            [
                                7.93194,
                                47.55222
                            ],
                            [
                                7.91889,
                                47.552773
                            ],
                            [
                                7.91361,
                                47.55389
                            ],
                            [
                                7.906388,
                                47.558052
                            ],
                            [
                                7.769722,
                                47.553329
                            ],
                            [
                                7.697223,
                                47.543327
                            ],
                            [
                                7.656111000000124,
                                47.55055
                            ],
                            [
                                7.621111,
                                47.5611
                            ],
                            [
                                7.666666,
                                47.57416500000011
                            ],
                            [
                                7.669999,
                                47.576385
                            ],
                            [
                                7.671944,
                                47.579437
                            ],
                            [
                                7.676944,
                                47.603607
                            ],
                            [
                                7.674444,
                                47.606384000000105
                            ],
                            [
                                7.64055,
                                47.603882
                            ],
                            [
                                7.588268,
                                47.58448
                            ],
                            [
                                7.589747,
                                47.5926970000001
                            ],
                            [
                                7.589722000000108,
                                47.60194400000012
                            ],
                            [
                                7.585833,
                                47.60833
                            ],
                            [
                                7.567222,
                                47.636665
                            ],
                            [
                                7.56111,
                                47.641663
                            ],
                            [
                                7.540277000000117,
                                47.655
                            ],
                            [
                                7.528889,
                                47.66083
                            ],
                            [
                                7.521944,
                                47.66555
                            ],
                            [
                                7.51944,
                                47.66833
                            ],
                            [
                                7.513333000000102,
                                47.68694
                            ],
                            [
                                7.510833,
                                47.703331
                            ],
                            [
                                7.526667,
                                47.788055
                            ],
                            [
                                7.557221,
                                47.862778000000105
                            ],
                            [
                                7.584167,
                                47.903328
                            ],
                            [
                                7.622222,
                                47.96916
                            ],
                            [
                                7.624166,
                                47.97694400000012
                            ],
                            [
                                7.624444,
                                47.98610700000012
                            ],
                            [
                                7.622499000000118,
                                47.993889
                            ],
                            [
                                7.618518,
                                48
                            ],
                            [
                                7.61361,
                                48.006104
                            ],
                            [
                                7.583888,
                                48.02722200000011
                            ],
                            [
                                7.574444,
                                48.034439
                            ],
                            [
                                7.571666,
                                48.037216000000114
                            ],
                            [
                                7.56919,
                                48.044777
                            ],
                            [
                                7.56667,
                                48.059998
                            ],
                            [
                                7.568889000000127,
                                48.085274
                            ],
                            [
                                7.569722000000127,
                                48.08916
                            ],
                            [
                                7.576898,
                                48.113152
                            ],
                            [
                                7.578888,
                                48.11972000000014
                            ],
                            [
                                7.580832,
                                48.122772
                            ],
                            [
                                7.607729,
                                48.164185
                            ],
                            [
                                7.693333,
                                48.276382
                            ],
                            [
                                7.746111,
                                48.330551
                            ],
                            [
                                7.750833,
                                48.3366620000001
                            ],
                            [
                                7.75177,
                                48.345406
                            ],
                            [
                                7.743055,
                                48.371109000000104
                            ],
                            [
                                7.736666,
                                48.389442000000145
                            ],
                            [
                                7.736666,
                                48.3986
                            ],
                            [
                                7.745403000000124,
                                48.42495
                            ],
                            [
                                7.80222,
                                48.575829
                            ],
                            [
                                7.88,
                                48.66416
                            ],
                            [
                                7.96194400000013,
                                48.7241590000001
                            ],
                            [
                                8.092222,
                                48.803604
                            ],
                            [
                                8.103888,
                                48.816666
                            ],
                            [
                                8.10639,
                                48.82222
                            ],
                            [
                                8.110277,
                                48.8408280000001
                            ],
                            [
                                8.112499,
                                48.846382
                            ],
                            [
                                8.121666,
                                48.864998
                            ],
                            [
                                8.135832,
                                48.890831
                            ],
                            [
                                8.139166,
                                48.895554
                            ],
                            [
                                8.190554,
                                48.951942000000145
                            ],
                            [
                                8.20611,
                                48.95888
                            ],
                            [
                                8.22608,
                                48.964417
                            ],
                            [
                                8.155554000000109,
                                48.97639
                            ],
                            [
                                8.051943,
                                49.005272
                            ],
                            [
                                8.039721,
                                49.01111
                            ],
                            [
                                7.938611,
                                49.048882
                            ],
                            [
                                7.933332000000121,
                                49.048882
                            ],
                            [
                                7.821388,
                                49.046387
                            ],
                            [
                                7.737499,
                                49.04277
                            ],
                            [
                                7.66889,
                                49.04222
                            ],
                            [
                                7.652089,
                                49.04493700000012
                            ],
                            [
                                7.63028,
                                49.065277
                            ],
                            [
                                7.625833000000114,
                                49.06916
                            ],
                            [
                                7.486944,
                                49.164162
                            ],
                            [
                                7.432500000000118,
                                49.175827
                            ],
                            [
                                7.423611,
                                49.1772160000001
                            ],
                            [
                                7.41361,
                                49.17694100000011
                            ],
                            [
                                7.38361,
                                49.173332
                            ],
                            [
                                7.375278,
                                49.171944
                            ],
                            [
                                7.371944,
                                49.17083
                            ],
                            [
                                7.369015,
                                49.16878
                            ],
                            [
                                7.367222,
                                49.160553
                            ],
                            [
                                7.361666,
                                49.14444
                            ],
                            [
                                7.36,
                                49.14222
                            ],
                            [
                                7.29167,
                                49.11222
                            ],
                            [
                                7.287777,
                                49.111107
                            ],
                            [
                                7.151667,
                                49.121109000000104
                            ],
                            [
                                7.090555,
                                49.127495
                            ],
                            [
                                7.019444,
                                49.187492
                            ],
                            [
                                6.934166,
                                49.219719
                            ],
                            [
                                6.930555,
                                49.22083
                            ],
                            [
                                6.920555,
                                49.220551
                            ],
                            [
                                6.853889,
                                49.218048000000124
                            ],
                            [
                                6.8475,
                                49.215271
                            ],
                            [
                                6.843055,
                                49.211388
                            ],
                            [
                                6.841389,
                                49.20888500000012
                            ],
                            [
                                6.840278,
                                49.206108
                            ],
                            [
                                6.84111,
                                49.203331000000105
                            ],
                            [
                                6.849722,
                                49.190552
                            ],
                            [
                                6.855000000000132,
                                49.183884
                            ],
                            [
                                6.859722,
                                49.179993
                            ],
                            [
                                6.861111,
                                49.177773
                            ],
                            [
                                6.861111,
                                49.174995
                            ],
                            [
                                6.85944400000011,
                                49.172493000000145
                            ],
                            [
                                6.844166,
                                49.158333
                            ],
                            [
                                6.838888,
                                49.154999
                            ],
                            [
                                6.831388,
                                49.15305
                            ],
                            [
                                6.82194,
                                49.153885
                            ],
                            [
                                6.735,
                                49.165276
                            ],
                            [
                                6.730833,
                                49.166107
                            ],
                            [
                                6.727500000000134,
                                49.167496
                            ],
                            [
                                6.723611,
                                49.171661
                            ],
                            [
                                6.715,
                                49.18305
                            ],
                            [
                                6.714167,
                                49.185829
                            ],
                            [
                                6.714722,
                                49.18888900000013
                            ],
                            [
                                6.716389000000106,
                                49.191383
                            ],
                            [
                                6.686944,
                                49.244995
                            ],
                            [
                                6.594722000000104,
                                49.363052
                            ],
                            [
                                6.546111,
                                49.41944
                            ],
                            [
                                6.540555,
                                49.425827
                            ],
                            [
                                6.532222,
                                49.43083200000012
                            ],
                            [
                                6.50833,
                                49.442772
                            ],
                            [
                                6.468333,
                                49.461388
                            ],
                            [
                                6.416111,
                                49.47583
                            ],
                            [
                                6.41139,
                                49.47555
                            ],
                            [
                                6.36217,
                                49.45939
                            ],
                            [
                                6.362778,
                                49.489166000000125
                            ],
                            [
                                6.356486,
                                49.525864
                            ],
                            [
                                6.420833,
                                49.665833
                            ],
                            [
                                6.466110000000128,
                                49.691109
                            ],
                            [
                                6.47305,
                                49.693604
                            ],
                            [
                                6.48472,
                                49.69611
                            ],
                            [
                                6.505835,
                                49.706627
                            ],
                            [
                                6.524722000000111,
                                49.80555
                            ],
                            [
                                6.524444,
                                49.808609
                            ],
                            [
                                6.522222,
                                49.811104
                            ],
                            [
                                6.481944,
                                49.811104
                            ],
                            [
                                6.42972200000014,
                                49.808884
                            ],
                            [
                                6.395555,
                                49.817772
                            ],
                            [
                                6.321111,
                                49.84833
                            ],
                            [
                                6.315938000000131,
                                49.85531600000013
                            ],
                            [
                                6.25528,
                                49.880554
                            ],
                            [
                                6.250278,
                                49.884163
                            ],
                            [
                                6.234166,
                                49.8975
                            ],
                            [
                                6.175278,
                                49.949997
                            ],
                            [
                                6.173055,
                                49.95222
                            ],
                            [
                                6.14055500000012,
                                49.993889
                            ],
                            [
                                6.130555000000129,
                                50.013885
                            ],
                            [
                                6.11333,
                                50.055832
                            ],
                            [
                                6.112778,
                                50.05888
                            ],
                            [
                                6.118333,
                                50.09083
                            ],
                            [
                                6.128055,
                                50.116386
                            ],
                            [
                                6.13028,
                                50.121941
                            ],
                            [
                                6.134414,
                                50.127846
                            ],
                            [
                                6.13972200000012,
                                50.15444200000013
                            ],
                            [
                                6.16389,
                                50.221382
                            ],
                            [
                                6.165555,
                                50.22361
                            ],
                            [
                                6.173333,
                                50.232498
                            ],
                            [
                                6.280833,
                                50.283607
                            ],
                            [
                                6.34972,
                                50.31277
                            ],
                            [
                                6.398204,
                                50.32317
                            ],
                            [
                                6.37444,
                                50.44055
                            ],
                            [
                                6.37361,
                                50.443329
                            ],
                            [
                                6.371111,
                                50.448326
                            ],
                            [
                                6.344444,
                                50.484161
                            ],
                            [
                                6.333888000000115,
                                50.48972
                            ],
                            [
                                6.3175,
                                50.49638
                            ],
                            [
                                6.30944,
                                50.498055
                            ],
                            [
                                6.264722,
                                50.497772
                            ],
                            [
                                6.247777,
                                50.589165
                            ],
                            [
                                6.27055,
                                50.61582900000013
                            ],
                            [
                                6.27167,
                                50.61860700000011
                            ],
                            [
                                6.270833,
                                50.621384
                            ],
                            [
                                6.268611,
                                50.623604
                            ],
                            [
                                6.16722,
                                50.656387
                            ],
                            [
                                6.05472200000014,
                                50.72361000000012
                            ],
                            [
                                6.011798,
                                50.757271
                            ],
                            [
                                6.008055000000127,
                                50.802216
                            ],
                            [
                                6.013333,
                                50.838608
                            ],
                            [
                                6.013888000000122,
                                50.84166
                            ],
                            [
                                6.026111,
                                50.847771
                            ],
                            [
                                6.04611,
                                50.851944
                            ],
                            [
                                6.051666,
                                50.851944
                            ],
                            [
                                6.056389,
                                50.848328
                            ],
                            [
                                6.060833,
                                50.847496
                            ],
                            [
                                6.064722,
                                50.848328
                            ],
                            [
                                6.06778,
                                50.849716
                            ],
                            [
                                6.071666,
                                50.85416
                            ],
                            [
                                6.08417,
                                50.870552
                            ],
                            [
                                6.084722,
                                50.873604
                            ],
                            [
                                6.081388,
                                50.91360500000013
                            ],
                            [
                                6.080277000000137,
                                50.915833
                            ],
                            [
                                6.02833,
                                50.97666
                            ],
                            [
                                6.025555,
                                50.978333
                            ],
                            [
                                6.0175,
                                50.98027
                            ],
                            [
                                5.948889,
                                50.984993
                            ],
                            [
                                5.944722,
                                50.984993
                            ],
                            [
                                5.9325,
                                50.982216
                            ],
                            [
                                5.908055,
                                50.973885
                            ],
                            [
                                5.900277,
                                50.971939
                            ],
                            [
                                5.891666,
                                50.972771
                            ],
                            [
                                5.869444000000101,
                                51.018883
                            ],
                            [
                                5.864166,
                                51.04361
                            ],
                            [
                                5.86472,
                                51.046104
                            ],
                            [
                                5.866944,
                                51.0480500000001
                            ],
                            [
                                5.902499,
                                51.06305
                            ],
                            [
                                5.906944000000124,
                                51.063889
                            ],
                            [
                                5.910277,
                                51.062492
                            ],
                            [
                                6.00305,
                                51.08416
                            ],
                            [
                                6.0975,
                                51.131104
                            ],
                            [
                                6.090278,
                                51.168884
                            ],
                            [
                                6.083611000000133,
                                51.17166
                            ],
                            [
                                6.079444000000137,
                                51.175827
                            ],
                            [
                                6.07667,
                                51.18110700000011
                            ],
                            [
                                6.074721,
                                51.189995000000124
                            ],
                            [
                                6.071388,
                                51.211662
                            ],
                            [
                                6.071666,
                                51.215
                            ],
                            [
                                6.072222,
                                51.218048
                            ],
                            [
                                6.076388,
                                51.240273
                            ],
                            [
                                6.07889,
                                51.242493
                            ],
                            [
                                6.143055,
                                51.29527300000012
                            ],
                            [
                                6.222221000000104,
                                51.36166400000013
                            ],
                            [
                                6.222777,
                                51.364716
                            ],
                            [
                                6.222221000000104,
                                51.46583
                            ],
                            [
                                6.221944,
                                51.468887
                            ],
                            [
                                6.2075,
                                51.509995
                            ],
                            [
                                6.202222,
                                51.51694
                            ],
                            [
                                6.15861,
                                51.55832700000013
                            ],
                            [
                                6.136666,
                                51.569160000000124
                            ],
                            [
                                6.131389,
                                51.572495
                            ],
                            [
                                6.094166,
                                51.604439
                            ],
                            [
                                6.093055000000106,
                                51.60721600000011
                            ],
                            [
                                6.028889,
                                51.706665
                            ],
                            [
                                5.95205,
                                51.747528
                            ],
                            [
                                5.980833,
                                51.760277
                            ],
                            [
                                5.985833,
                                51.763885
                            ],
                            [
                                5.986666,
                                51.766937
                            ],
                            [
                                5.984722,
                                51.780548
                            ],
                            [
                                5.98139,
                                51.785271
                            ],
                            [
                                5.964722,
                                51.80555
                            ],
                            [
                                5.9625,
                                51.807777
                            ],
                            [
                                6.00305,
                                51.82999
                            ],
                            [
                                6.12361,
                                51.888054
                            ],
                            [
                                6.182221,
                                51.895271
                            ],
                            [
                                6.35111,
                                51.848053
                            ],
                            [
                                6.462777,
                                51.853607
                            ],
                            [
                                6.5275,
                                51.874443
                            ],
                            [
                                6.594722000000104,
                                51.896111
                            ],
                            [
                                6.67611,
                                51.91389
                            ],
                            [
                                6.685555,
                                51.914162
                            ],
                            [
                                6.691667,
                                51.91111000000012
                            ],
                            [
                                6.69361,
                                51.90888200000012
                            ],
                            [
                                6.701944,
                                51.90361
                            ],
                            [
                                6.720555,
                                51.89777400000014
                            ],
                            [
                                6.724444,
                                51.898048
                            ],
                            [
                                6.746388,
                                51.906105
                            ],
                            [
                                6.776944,
                                51.921387
                            ],
                            [
                                6.789166,
                                51.928055
                            ],
                            [
                                6.828888,
                                51.965553
                            ],
                            [
                                6.8308320000001,
                                51.971382
                            ],
                            [
                                6.83,
                                51.97749
                            ],
                            [
                                6.826111,
                                51.98860900000011
                            ],
                            [
                                6.80055,
                                52.00722
                            ],
                            [
                                6.794444,
                                52.010277
                            ],
                            [
                                6.728611,
                                52.035271
                            ],
                            [
                                6.73639,
                                52.07666000000012
                            ],
                            [
                                6.759428,
                                52.114563
                            ],
                            [
                                6.8425,
                                52.117775
                            ],
                            [
                                6.8525,
                                52.11833
                            ],
                            [
                                6.860555,
                                52.12028
                            ],
                            [
                                6.86861,
                                52.125549
                            ],
                            [
                                6.87194,
                                52.130272
                            ],
                            [
                                6.87472,
                                52.13916
                            ],
                            [
                                6.876111,
                                52.148605
                            ],
                            [
                                6.8775,
                                52.151382
                            ],
                            [
                                6.901111,
                                52.171387
                            ],
                            [
                                6.904166,
                                52.17305
                            ],
                            [
                                6.96472,
                                52.190277
                            ],
                            [
                                7.042222,
                                52.23166700000013
                            ],
                            [
                                7.053094,
                                52.23776
                            ],
                            [
                                7.031388,
                                52.268883
                            ],
                            [
                                7.028055,
                                52.276939
                            ],
                            [
                                7.028055,
                                52.280273000000136
                            ],
                            [
                                7.028889,
                                52.286942
                            ],
                            [
                                7.032222,
                                52.298882000000106
                            ],
                            [
                                7.038055,
                                52.31277
                            ],
                            [
                                7.058114000000103,
                                52.337639
                            ],
                            [
                                7.069722,
                                52.35277600000012
                            ],
                            [
                                7.071111,
                                52.358887
                            ],
                            [
                                7.065555,
                                52.385826
                            ],
                            [
                                7.061944,
                                52.39361
                            ],
                            [
                                7.058888,
                                52.398605
                            ],
                            [
                                6.99083,
                                52.459717
                            ],
                            [
                                6.987499,
                                52.4611
                            ],
                            [
                                6.983889,
                                52.46
                            ],
                            [
                                6.973888,
                                52.448608
                            ],
                            [
                                6.965833,
                                52.443054
                            ],
                            [
                                6.95417,
                                52.436386
                            ],
                            [
                                6.950833,
                                52.43499800000012
                            ],
                            [
                                6.94611,
                                52.434441
                            ],
                            [
                                6.76444400000014,
                                52.45916
                            ],
                            [
                                6.753333000000111,
                                52.462776
                            ],
                            [
                                6.705555,
                                52.485832
                            ],
                            [
                                6.7025,
                                52.490555
                            ],
                            [
                                6.688889,
                                52.54916400000013
                            ],
                            [
                                6.690277,
                                52.551941
                            ],
                            [
                                6.7225,
                                52.559441000000106
                            ],
                            [
                                6.75611,
                                52.563332
                            ],
                            [
                                6.75944,
                                52.56472
                            ],
                            [
                                6.760833,
                                52.56721
                            ],
                            [
                                6.729444,
                                52.616104
                            ],
                            [
                                6.72611,
                                52.62111
                            ],
                            [
                                6.718923000000132,
                                52.626785
                            ],
                            [
                                6.720833,
                                52.62944
                            ],
                            [
                                6.756666,
                                52.6491620000001
                            ],
                            [
                                6.76805,
                                52.65222
                            ],
                            [
                                6.78167,
                                52.654160000000104
                            ],
                            [
                                6.894722000000115,
                                52.653053
                            ],
                            [
                                6.902222,
                                52.651939
                            ],
                            [
                                6.905555000000106,
                                52.650551
                            ],
                            [
                                6.91305,
                                52.6449970000001
                            ],
                            [
                                6.916944,
                                52.640549000000135
                            ],
                            [
                                6.920278,
                                52.63888500000013
                            ],
                            [
                                7.025,
                                52.63250000000011
                            ],
                            [
                                7.030833,
                                52.63250000000011
                            ],
                            [
                                7.035832000000141,
                                52.632774
                            ],
                            [
                                7.043333000000132,
                                52.63499500000012
                            ],
                            [
                                7.048055,
                                52.63888500000013
                            ],
                            [
                                7.051666,
                                52.643608
                            ],
                            [
                                7.055277,
                                52.651939
                            ],
                            [
                                7.058888,
                                52.663887
                            ],
                            [
                                7.063611,
                                52.72138200000012
                            ],
                            [
                                7.065277,
                                52.75222
                            ],
                            [
                                7.064722,
                                52.76861
                            ],
                            [
                                7.065555,
                                52.78583
                            ],
                            [
                                7.066944,
                                52.799164
                            ],
                            [
                                7.069722,
                                52.814995
                            ],
                            [
                                7.076944,
                                52.82444
                            ],
                            [
                                7.091067000000123,
                                52.836906
                            ],
                            [
                                7.133055,
                                52.888885
                            ],
                            [
                                7.179722,
                                52.93416600000012
                            ],
                            [
                                7.19333,
                                52.95722
                            ],
                            [
                                7.197778,
                                52.965
                            ],
                            [
                                7.200277,
                                52.970551
                            ],
                            [
                                7.210278,
                                53.001938
                            ],
                            [
                                7.211666,
                                53.015831
                            ],
                            [
                                7.207222,
                                53.17610900000011
                            ],
                            [
                                7.208364,
                                53.242805
                            ],
                            [
                                7.245000000000118,
                                53.311386
                            ],
                            [
                                7.25,
                                53.315277
                            ],
                            [
                                7.256389,
                                53.31832900000012
                            ],
                            [
                                7.271944000000133,
                                53.319160000000124
                            ],
                            [
                                7.320000000000107,
                                53.317497
                            ],
                            [
                                7.329721,
                                53.316383
                            ],
                            [
                                7.336944,
                                53.31388900000013
                            ],
                            [
                                7.3425,
                                53.310272
                            ],
                            [
                                7.346389,
                                53.30555
                            ],
                            [
                                7.351944000000117,
                                53.3022160000001
                            ],
                            [
                                7.355277,
                                53.300827
                            ],
                            [
                                7.364444,
                                53.29916
                            ],
                            [
                                7.358611,
                                53.308609
                            ],
                            [
                                7.35111,
                                53.317497
                            ],
                            [
                                7.341666,
                                53.32222
                            ],
                            [
                                7.3325,
                                53.32388300000014
                            ],
                            [
                                7.226944,
                                53.336388
                            ],
                            [
                                7.183888,
                                53.3408280000001
                            ],
                            [
                                7.126389,
                                53.34
                            ],
                            [
                                7.0925,
                                53.338051
                            ],
                            [
                                7.073333,
                                53.336105
                            ],
                            [
                                7.058055,
                                53.337219
                            ],
                            [
                                7.05055,
                                53.339722
                            ],
                            [
                                7.04777700000011,
                                53.34166
                            ],
                            [
                                7.043333000000132,
                                53.34583
                            ],
                            [
                                7.024166,
                                53.364998
                            ],
                            [
                                7.019444,
                                53.372215
                            ],
                            [
                                7.016388,
                                53.380554
                            ],
                            [
                                7.0158330000001,
                                53.38361
                            ],
                            [
                                7.014444,
                                53.404999
                            ],
                            [
                                7.015555,
                                53.414719
                            ],
                            [
                                7.021944,
                                53.44249700000012
                            ],
                            [
                                7.031388,
                                53.47943900000013
                            ],
                            [
                                7.033333000000141,
                                53.485275
                            ],
                            [
                                7.088055000000111,
                                53.582771
                            ],
                            [
                                7.09611,
                                53.591942
                            ],
                            [
                                7.101944,
                                53.595276
                            ],
                            [
                                7.184722000000136,
                                53.64222
                            ],
                            [
                                7.226944,
                                53.664993
                            ],
                            [
                                7.23722,
                                53.669441
                            ],
                            [
                                7.29583,
                                53.685272
                            ],
                            [
                                7.34111,
                                53.688606
                            ],
                            [
                                7.450555,
                                53.687492
                            ],
                            [
                                7.4675,
                                53.686943
                            ],
                            [
                                7.4725,
                                53.686386
                            ],
                            [
                                7.484444,
                                53.68305
                            ],
                            [
                                7.508333000000107,
                                53.672493
                            ],
                            [
                                7.51861,
                                53.671661
                            ],
                            [
                                7.581666,
                                53.681389
                            ],
                            [
                                7.698333,
                                53.70027
                            ],
                            [
                                7.843333,
                                53.714165
                            ],
                            [
                                7.882500000000107,
                                53.7175
                            ],
                            [
                                7.9075,
                                53.719444000000124
                            ],
                            [
                                7.949166,
                                53.7175
                            ],
                            [
                                7.981667,
                                53.715271
                            ],
                            [
                                8.008333,
                                53.709999
                            ],
                            [
                                8.020277,
                                53.7066650000001
                            ],
                            [
                                8.026388,
                                53.70361
                            ],
                            [
                                8.028610000000128,
                                53.701385
                            ],
                            [
                                8.02972,
                                53.69861
                            ],
                            [
                                8.023888,
                                53.691666
                            ],
                            [
                                8.022499,
                                53.68888900000013
                            ],
                            [
                                8.021666,
                                53.685829
                            ],
                            [
                                8.022221,
                                53.676109
                            ],
                            [
                                8.024721,
                                53.67083
                            ],
                            [
                                8.04611,
                                53.636383
                            ],
                            [
                                8.058054,
                                53.626389
                            ],
                            [
                                8.123888,
                                53.584717000000126
                            ],
                            [
                                8.157221,
                                53.56472
                            ],
                            [
                                8.159443,
                                53.562492000000134
                            ],
                            [
                                8.162498,
                                53.5577770000001
                            ],
                            [
                                8.165833,
                                53.549721
                            ],
                            [
                                8.166666,
                                53.54333
                            ],
                            [
                                8.16833,
                                53.527222
                            ],
                            [
                                8.168055,
                                53.524437
                            ],
                            [
                                8.163332,
                                53.520554
                            ],
                            [
                                8.13528,
                                53.51138300000014
                            ],
                            [
                                8.12361,
                                53.50804900000014
                            ],
                            [
                                8.10305,
                                53.504166
                            ],
                            [
                                8.084444,
                                53.501938
                            ],
                            [
                                8.06333,
                                53.502777
                            ],
                            [
                                8.061388,
                                53.500549
                            ],
                            [
                                8.06167,
                                53.497498
                            ],
                            [
                                8.066111,
                                53.479996
                            ],
                            [
                                8.06972100000013,
                                53.472221000000104
                            ],
                            [
                                8.075832,
                                53.462494
                            ],
                            [
                                8.080276,
                                53.45805400000012
                            ],
                            [
                                8.097776,
                                53.44444
                            ],
                            [
                                8.204721,
                                53.404160000000104
                            ],
                            [
                                8.20861,
                                53.403053
                            ],
                            [
                                8.22305,
                                53.40083
                            ],
                            [
                                8.23444400000011,
                                53.40055100000012
                            ],
                            [
                                8.244165,
                                53.401382000000126
                            ],
                            [
                                8.248333,
                                53.402222
                            ],
                            [
                                8.281111,
                                53.416939
                            ],
                            [
                                8.28916,
                                53.422493000000145
                            ],
                            [
                                8.29278,
                                53.42722
                            ],
                            [
                                8.309721,
                                53.451385
                            ],
                            [
                                8.313055,
                                53.456383
                            ],
                            [
                                8.314999,
                                53.46611
                            ],
                            [
                                8.319721,
                                53.498886
                            ],
                            [
                                8.320555,
                                53.509163000000115
                            ],
                            [
                                8.319721,
                                53.515274
                            ],
                            [
                                8.314722,
                                53.522499
                            ],
                            [
                                8.308611,
                                53.525551
                            ],
                            [
                                8.303333,
                                53.526108
                            ],
                            [
                                8.293333,
                                53.52528
                            ],
                            [
                                8.272778,
                                53.520828
                            ],
                            [
                                8.263611,
                                53.519722
                            ],
                            [
                                8.237499,
                                53.518608
                            ],
                            [
                                8.233055,
                                53.51944
                            ],
                            [
                                8.231943000000115,
                                53.522217
                            ],
                            [
                                8.232222,
                                53.532219
                            ],
                            [
                                8.236944,
                                53.5577770000001
                            ],
                            [
                                8.243055,
                                53.586105
                            ],
                            [
                                8.26111,
                                53.60305
                            ],
                            [
                                8.272778,
                                53.60999
                            ],
                            [
                                8.283333,
                                53.613884
                            ],
                            [
                                8.306110000000103,
                                53.616943
                            ],
                            [
                                8.323055,
                                53.616943
                            ],
                            [
                                8.341389,
                                53.613609
                            ],
                            [
                                8.494444,
                                53.55499300000014
                            ],
                            [
                                8.51833,
                                53.513611
                            ],
                            [
                                8.508333000000107,
                                53.50555400000013
                            ],
                            [
                                8.503887,
                                53.50138900000013
                            ],
                            [
                                8.496387,
                                53.491943
                            ],
                            [
                                8.49111,
                                53.484444
                            ],
                            [
                                8.488333000000125,
                                53.479164
                            ],
                            [
                                8.485277,
                                53.470276000000126
                            ],
                            [
                                8.48278,
                                53.453888
                            ],
                            [
                                8.484165,
                                53.418327
                            ],
                            [
                                8.485277,
                                53.406105
                            ],
                            [
                                8.488609,
                                53.38166
                            ],
                            [
                                8.490833,
                                53.373055
                            ],
                            [
                                8.497776,
                                53.360275000000115
                            ],
                            [
                                8.503054,
                                53.354164
                            ],
                            [
                                8.506666,
                                53.36249500000014
                            ],
                            [
                                8.508055,
                                53.372498
                            ],
                            [
                                8.505833,
                                53.424995
                            ],
                            [
                                8.504999000000112,
                                53.434441
                            ],
                            [
                                8.49861,
                                53.450554
                            ],
                            [
                                8.496111,
                                53.462494
                            ],
                            [
                                8.498055,
                                53.471939
                            ],
                            [
                                8.501665000000116,
                                53.4805530000001
                            ],
                            [
                                8.506388,
                                53.488052
                            ],
                            [
                                8.511389,
                                53.492218
                            ],
                            [
                                8.560867,
                                53.515434
                            ],
                            [
                                8.565554,
                                53.521385
                            ],
                            [
                                8.56833300000011,
                                53.526939
                            ],
                            [
                                8.56833300000011,
                                53.53333
                            ],
                            [
                                8.567499,
                                53.53611
                            ],
                            [
                                8.55778,
                                53.550552
                            ],
                            [
                                8.511734000000104,
                                53.617218
                            ],
                            [
                                8.49472,
                                53.64194
                            ],
                            [
                                8.488333000000125,
                                53.651665
                            ],
                            [
                                8.485554,
                                53.66
                            ],
                            [
                                8.483055,
                                53.671944
                            ],
                            [
                                8.482222,
                                53.681107
                            ],
                            [
                                8.483332,
                                53.690277
                            ],
                            [
                                8.487778,
                                53.701942
                            ],
                            [
                                8.54805,
                                53.818329
                            ],
                            [
                                8.574444,
                                53.851387
                            ],
                            [
                                8.580276,
                                53.85860400000013
                            ],
                            [
                                8.60111,
                                53.87749
                            ],
                            [
                                8.604166,
                                53.87944
                            ],
                            [
                                8.611944,
                                53.88166
                            ],
                            [
                                8.6525,
                                53.891388
                            ],
                            [
                                8.66555,
                                53.893883
                            ],
                            [
                                8.680555,
                                53.894722
                            ],
                            [
                                8.683887,
                                53.89305100000013
                            ],
                            [
                                8.706388,
                                53.875832
                            ],
                            [
                                8.71139,
                                53.87167
                            ],
                            [
                                8.713055,
                                53.866104
                            ],
                            [
                                8.71472,
                                53.86388
                            ],
                            [
                                8.7280540000001,
                                53.85777300000012
                            ],
                            [
                                8.756388,
                                53.846664
                            ],
                            [
                                8.775555,
                                53.84055
                            ],
                            [
                                8.797222,
                                53.835831
                            ],
                            [
                                8.85305,
                                53.82972
                            ],
                            [
                                8.9075,
                                53.828049
                            ],
                            [
                                9.02055,
                                53.846664
                            ],
                            [
                                9.105276000000117,
                                53.863327
                            ],
                            [
                                9.128887,
                                53.866104
                            ],
                            [
                                9.213055,
                                53.864998
                            ],
                            [
                                9.218887,
                                53.8647160000001
                            ],
                            [
                                9.27611,
                                53.858887
                            ],
                            [
                                9.279999,
                                53.85777300000012
                            ],
                            [
                                9.283333,
                                53.856384000000105
                            ],
                            [
                                9.29416700000013,
                                53.849159
                            ],
                            [
                                9.32028,
                                53.83027600000014
                            ],
                            [
                                9.324444,
                                53.82611
                            ],
                            [
                                9.35139,
                                53.7980500000001
                            ],
                            [
                                9.379444,
                                53.760826
                            ],
                            [
                                9.408888,
                                53.730553
                            ],
                            [
                                9.415833,
                                53.724442000000124
                            ],
                            [
                                9.547777,
                                53.61055
                            ],
                            [
                                9.562222,
                                53.598328
                            ],
                            [
                                9.573055,
                                53.59111
                            ],
                            [
                                9.582777,
                                53.586105
                            ],
                            [
                                9.672777,
                                53.55555
                            ],
                            [
                                9.695833,
                                53.550278000000105
                            ],
                            [
                                9.764746,
                                53.543732
                            ],
                            [
                                9.802221,
                                53.534721
                            ],
                            [
                                9.811388,
                                53.533051
                            ],
                            [
                                9.821665,
                                53.53249
                            ],
                            [
                                9.826387000000125,
                                53.533051
                            ],
                            [
                                9.83,
                                53.53444
                            ],
                            [
                                9.832499,
                                53.536385
                            ],
                            [
                                9.833887,
                                53.53889
                            ],
                            [
                                9.833887,
                                53.542221
                            ],
                            [
                                9.830276,
                                53.54666
                            ],
                            [
                                9.82472,
                                53.550278000000105
                            ],
                            [
                                9.82083,
                                53.551666
                            ],
                            [
                                9.783888,
                                53.561386
                            ],
                            [
                                9.774166,
                                53.5627750000001
                            ],
                            [
                                9.741083,
                                53.565
                            ],
                            [
                                9.724165,
                                53.56555
                            ],
                            [
                                9.699444,
                                53.568329
                            ],
                            [
                                9.68194,
                                53.5719380000001
                            ],
                            [
                                9.66361,
                                53.578606
                            ],
                            [
                                9.57528,
                                53.613609
                            ],
                            [
                                9.56111,
                                53.621666
                            ],
                            [
                                9.54666,
                                53.6336060000001
                            ],
                            [
                                9.437777,
                                53.739441
                            ],
                            [
                                9.430555,
                                53.748604
                            ],
                            [
                                9.417221,
                                53.77111100000013
                            ],
                            [
                                9.407776,
                                53.792221
                            ],
                            [
                                9.394444,
                                53.821388
                            ],
                            [
                                9.393055,
                                53.823883
                            ],
                            [
                                9.337776,
                                53.852776
                            ],
                            [
                                9.327776,
                                53.857216
                            ],
                            [
                                9.286388,
                                53.874443
                            ],
                            [
                                9.27833,
                                53.876663
                            ],
                            [
                                9.234444,
                                53.88638300000014
                            ],
                            [
                                9.220833,
                                53.888885
                            ],
                            [
                                9.205276,
                                53.890549
                            ],
                            [
                                9.063055000000134,
                                53.898048
                            ],
                            [
                                8.993055,
                                53.89111
                            ],
                            [
                                8.983332000000132,
                                53.890274
                            ],
                            [
                                8.967222,
                                53.895
                            ],
                            [
                                8.9475,
                                53.907219
                            ],
                            [
                                8.9275,
                                53.919716
                            ],
                            [
                                8.913887,
                                53.92860400000012
                            ],
                            [
                                8.899721,
                                53.94082600000013
                            ],
                            [
                                8.883055,
                                53.961105
                            ],
                            [
                                8.849998,
                                54.008888
                            ],
                            [
                                8.837221,
                                54.02833
                            ],
                            [
                                8.836111,
                                54.031105
                            ],
                            [
                                8.840555,
                                54.03527100000014
                            ],
                            [
                                8.846666,
                                54.03860500000013
                            ],
                            [
                                8.85417,
                                54.041107
                            ],
                            [
                                8.86611,
                                54.044167
                            ],
                            [
                                8.880833,
                                54.04527300000012
                            ],
                            [
                                8.890554,
                                54.044167
                            ],
                            [
                                8.926666,
                                54.03722
                            ],
                            [
                                8.945555000000127,
                                54.030548
                            ],
                            [
                                8.960554,
                                54.022217
                            ],
                            [
                                8.971109,
                                54.01778
                            ],
                            [
                                8.97889,
                                54.018608
                            ],
                            [
                                9.000555,
                                54.026108000000136
                            ],
                            [
                                9.003054,
                                54.02805
                            ],
                            [
                                9.01111,
                                54.043884000000105
                            ],
                            [
                                9.012777000000142,
                                54.049995
                            ],
                            [
                                9.017221,
                                54.084999
                            ],
                            [
                                8.971109,
                                54.131660000000124
                            ],
                            [
                                8.85861,
                                54.123886
                            ],
                            [
                                8.8475,
                                54.13110400000011
                            ],
                            [
                                8.844721000000106,
                                54.133049
                            ],
                            [
                                8.829721,
                                54.148048
                            ],
                            [
                                8.824999,
                                54.155273
                            ],
                            [
                                8.812777,
                                54.174995
                            ],
                            [
                                8.816387,
                                54.189995
                            ],
                            [
                                8.823332,
                                54.207222
                            ],
                            [
                                8.841389000000106,
                                54.250549
                            ],
                            [
                                8.842777,
                                54.253326
                            ],
                            [
                                8.845276,
                                54.255272000000105
                            ],
                            [
                                8.85305,
                                54.2575
                            ],
                            [
                                8.88361,
                                54.294167
                            ],
                            [
                                8.83,
                                54.29333
                            ],
                            [
                                8.695555,
                                54.270271
                            ],
                            [
                                8.694166,
                                54.26777600000014
                            ],
                            [
                                8.691111,
                                54.26611
                            ],
                            [
                                8.679998000000126,
                                54.26611
                            ],
                            [
                                8.669443,
                                54.26694
                            ],
                            [
                                8.655554,
                                54.269440000000145
                            ],
                            [
                                8.643610000000137,
                                54.273048
                            ],
                            [
                                8.631666,
                                54.27916
                            ],
                            [
                                8.611944,
                                54.30138
                            ],
                            [
                                8.60722,
                                54.308609
                            ],
                            [
                                8.603054,
                                54.316383
                            ],
                            [
                                8.60028,
                                54.324715
                            ],
                            [
                                8.59916,
                                54.330551
                            ],
                            [
                                8.599443,
                                54.333885
                            ],
                            [
                                8.62194,
                                54.378609
                            ],
                            [
                                8.633888,
                                54.392776
                            ],
                            [
                                8.63889,
                                54.39666
                            ],
                            [
                                8.646111000000133,
                                54.3991620000001
                            ],
                            [
                                8.650833,
                                54.399719
                            ],
                            [
                                8.76861,
                                54.410828
                            ],
                            [
                                8.823332,
                                54.41555
                            ],
                            [
                                8.828054,
                                54.41472
                            ],
                            [
                                8.831388,
                                54.41305
                            ],
                            [
                                8.837776000000133,
                                54.40666
                            ],
                            [
                                8.840555,
                                54.404999
                            ],
                            [
                                8.845833,
                                54.404442
                            ],
                            [
                                8.85555,
                                54.405548
                            ],
                            [
                                8.886944,
                                54.414162
                            ],
                            [
                                8.99472,
                                54.451942000000145
                            ],
                            [
                                9.004999,
                                54.46027400000014
                            ],
                            [
                                9.015,
                                54.471939
                            ],
                            [
                                9.01639,
                                54.474716000000114
                            ],
                            [
                                9.019444,
                                54.49305
                            ],
                            [
                                9.016943,
                                54.498329
                            ],
                            [
                                9.005554,
                                54.508606
                            ],
                            [
                                8.967777,
                                54.541107000000125
                            ],
                            [
                                8.960278,
                                54.543610000000115
                            ],
                            [
                                8.946943,
                                54.54639
                            ],
                            [
                                8.940277,
                                54.549438
                            ],
                            [
                                8.921665,
                                54.559441
                            ],
                            [
                                8.916111,
                                54.562775
                            ],
                            [
                                8.850832,
                                54.620827
                            ],
                            [
                                8.814165,
                                54.668327
                            ],
                            [
                                8.804998,
                                54.685555000000136
                            ],
                            [
                                8.75444,
                                54.711662
                            ],
                            [
                                8.734444,
                                54.721107
                            ],
                            [
                                8.696943,
                                54.746941
                            ],
                            [
                                8.655554,
                                54.80082700000014
                            ],
                            [
                                8.648611,
                                54.810272
                            ],
                            [
                                8.645555000000115,
                                54.814995
                            ],
                            [
                                8.64222100000012,
                                54.826385
                            ],
                            [
                                8.640554,
                                54.838051
                            ],
                            [
                                8.573443,
                                54.850273
                            ],
                            [
                                8.57728,
                                54.861107
                            ],
                            [
                                8.58055,
                                54.867878
                            ],
                            [
                                8.545610000000124,
                                54.870605
                            ],
                            [
                                8.39011,
                                54.86694
                            ],
                            [
                                8.3025,
                                54.859993
                            ],
                            [
                                8.30055,
                                54.857498
                            ],
                            [
                                8.298054,
                                54.848328
                            ],
                            [
                                8.294443,
                                54.82527
                            ],
                            [
                                8.292221,
                                54.78944400000012
                            ],
                            [
                                8.29361,
                                54.783607
                            ],
                            [
                                8.299999,
                                54.773888
                            ],
                            [
                                8.30055,
                                54.76749400000011
                            ],
                            [
                                8.29861,
                                54.740273000000116
                            ],
                            [
                                8.29833200000013,
                                54.738884
                            ],
                            [
                                8.28833,
                                54.737495
                            ],
                            [
                                8.282221000000106,
                                54.744164
                            ],
                            [
                                8.281111,
                                54.746941
                            ],
                            [
                                8.280554,
                                54.752777
                            ],
                            [
                                8.280554,
                                54.774994
                            ],
                            [
                                8.281387,
                                54.81805
                            ],
                            [
                                8.282776,
                                54.83527400000014
                            ],
                            [
                                8.291111,
                                54.894722
                            ],
                            [
                                8.295555,
                                54.906387
                            ],
                            [
                                8.30361,
                                54.926384
                            ],
                            [
                                8.310833000000116,
                                54.93972
                            ],
                            [
                                8.373333,
                                55.033333
                            ],
                            [
                                8.383055000000127,
                                55.04527300000012
                            ],
                            [
                                8.3933320000001,
                                55.053055
                            ],
                            [
                                8.405,
                                55.056664
                            ],
                            [
                                8.41111,
                                55.056389
                            ],
                            [
                                8.447222000000124,
                                55.053055
                            ],
                            [
                                8.459444000000133,
                                55.049721
                            ],
                            [
                                8.46305500000011,
                                55.04805
                            ],
                            [
                                8.438332,
                                55.024162
                            ],
                            [
                                8.421665000000132,
                                55.013054
                            ],
                            [
                                8.41028,
                                55.00944
                            ],
                            [
                                8.40111,
                                55.008049
                            ],
                            [
                                8.397499,
                                55.00666
                            ],
                            [
                                8.371944,
                                54.994164000000126
                            ],
                            [
                                8.35389,
                                54.973053
                            ],
                            [
                                8.3522210000001,
                                54.966942
                            ],
                            [
                                8.352777000000117,
                                54.95138500000013
                            ],
                            [
                                8.41663,
                                54.926727
                            ],
                            [
                                8.41846,
                                54.9179
                            ],
                            [
                                8.421297,
                                54.91356
                            ],
                            [
                                8.426464,
                                54.91022900000013
                            ],
                            [
                                8.430631,
                                54.908562
                            ],
                            [
                                8.456798,
                                54.900558
                            ],
                            [
                                8.465631,
                                54.899391
                            ],
                            [
                                8.490464,
                                54.900558
                            ],
                            [
                                8.598331,
                                54.9059
                            ],
                            [
                                8.602464,
                                54.91356
                            ],
                            [
                                8.602797000000123,
                                54.917725
                            ],
                            [
                                8.66454,
                                54.913094
                            ],
                            [
                                8.68611,
                                54.898888
                            ],
                            [
                                8.699444,
                                54.892776
                            ],
                            [
                                8.719444,
                                54.891106
                            ],
                            [
                                8.754721000000131,
                                54.897217
                            ],
                            [
                                8.763054,
                                54.898888
                            ],
                            [
                                8.785831,
                                54.9061
                            ],
                            [
                                8.82889,
                                54.9138870000001
                            ],
                            [
                                8.8413010000001,
                                54.913689
                            ],
                            [
                                8.919998000000135,
                                54.908051
                            ],
                            [
                                8.94111,
                                54.905548
                            ],
                            [
                                9.168888,
                                54.86499800000013
                            ],
                            [
                                9.22416,
                                54.853607
                            ],
                            [
                                9.23361,
                                54.845551000000114
                            ],
                            [
                                9.22805,
                                54.83416
                            ],
                            [
                                9.23361,
                                54.82444
                            ],
                            [
                                9.243055,
                                54.816383
                            ],
                            [
                                9.253611,
                                54.80888
                            ],
                            [
                                9.342777,
                                54.808609000000104
                            ],
                            [
                                9.358889,
                                54.812492
                            ],
                            [
                                9.36861,
                                54.820831
                            ],
                            [
                                9.368889,
                                54.82278
                            ],
                            [
                                9.378611,
                                54.82972000000012
                            ],
                            [
                                9.3925,
                                54.83527400000014
                            ],
                            [
                                9.414721,
                                54.833328
                            ],
                            [
                                9.445358,
                                54.825401
                            ],
                            [
                                9.441944,
                                54.819717
                            ],
                            [
                                9.437498,
                                54.80778
                            ],
                            [
                                9.43916,
                                54.80222
                            ],
                            [
                                9.5783330000001,
                                54.825554
                            ],
                            [
                                9.660555,
                                54.812218
                            ],
                            [
                                9.78555,
                                54.78611
                            ],
                            [
                                9.88972,
                                54.788887
                            ],
                            [
                                9.89639,
                                54.79166
                            ],
                            [
                                9.905832,
                                54.79277
                            ],
                            [
                                9.916666,
                                54.791107
                            ],
                            [
                                9.935833,
                                54.781944
                            ],
                            [
                                9.96194,
                                54.76861
                            ],
                            [
                                9.97278,
                                54.761108
                            ],
                            [
                                9.976665,
                                54.75666
                            ],
                            [
                                10.036943,
                                54.67115
                            ],
                            [
                                10.037777,
                                54.665321
                            ],
                            [
                                10.039999,
                                54.633072
                            ],
                            [
                                10.0325,
                                54.555275
                            ],
                            [
                                10.01083,
                                54.52888
                            ],
                            [
                                10.00639,
                                54.524719
                            ],
                            [
                                10.000323,
                                54.520866000000126
                            ],
                            [
                                9.970554,
                                54.5075
                            ],
                            [
                                9.89305,
                                54.481941
                            ],
                            [
                                9.871111,
                                54.477493
                            ],
                            [
                                9.849998,
                                54.479164
                            ],
                            [
                                9.845276,
                                54.478607
                            ],
                            [
                                9.843332,
                                54.476105
                            ],
                            [
                                9.843611,
                                54.473053
                            ],
                            [
                                9.85194,
                                54.464439
                            ],
                            [
                                9.863609,
                                54.457497
                            ],
                            [
                                9.870277,
                                54.45444
                            ],
                            [
                                9.878332,
                                54.452774
                            ],
                            [
                                9.89333,
                                54.453888
                            ],
                            [
                                10.006666,
                                54.474236
                            ],
                            [
                                10.101387,
                                54.48888
                            ],
                            [
                                10.110832,
                                54.48999800000013
                            ],
                            [
                                10.126944,
                                54.489716
                            ],
                            [
                                10.368332000000123,
                                54.43555
                            ],
                            [
                                10.60972,
                                54.3605500000001
                            ],
                            [
                                10.633055,
                                54.349998
                            ],
                            [
                                10.638887000000125,
                                54.34666
                            ],
                            [
                                10.643055,
                                54.34222
                            ],
                            [
                                10.646111,
                                54.337219
                            ],
                            [
                                10.652222,
                                54.330826000000116
                            ],
                            [
                                10.679165,
                                54.312492000000134
                            ],
                            [
                                10.685833,
                                54.309441000000106
                            ],
                            [
                                10.690554,
                                54.30832700000013
                            ],
                            [
                                10.706665,
                                54.30694
                            ],
                            [
                                10.765,
                                54.306664
                            ],
                            [
                                10.78,
                                54.3077770000001
                            ],
                            [
                                10.78777700000012,
                                54.309715
                            ],
                            [
                                10.802221,
                                54.314995000000124
                            ],
                            [
                                10.82111,
                                54.323608
                            ],
                            [
                                10.827499000000103,
                                54.326942
                            ],
                            [
                                10.835833,
                                54.332222000000115
                            ],
                            [
                                10.843054,
                                54.338608
                            ],
                            [
                                10.88528,
                                54.361938
                            ],
                            [
                                10.936666,
                                54.38361
                            ],
                            [
                                10.945833,
                                54.38499500000012
                            ],
                            [
                                10.95167,
                                54.38472000000013
                            ],
                            [
                                10.979443,
                                54.380554
                            ]
                        ]
                    ]
                ]
            }
        },
        {
            "type": "Feature",
            "properties": {
                "FID": 0,
                "FIPS": "BE",
                "ISO2": "BE",
                "ISO3": "BEL",
                "UN": 56,
                "NAME": "Belgium",
                "AREA": 0,
                "POP2005": 10398049,
                "REGION": 150,
                "SUBREGION": 155,
                "LON": 4.664,
                "LAT": 50.643
            },
            "geometry": {
                "type": "Polygon",
                "coordinates": [
                    [
                        [
                            4.302375,
                            51.263184
                        ],
                        [
                            4.309677,
                            51.262032
                        ],
                        [
                            4.327703,
                            51.290123
                        ],
                        [
                            4.290481,
                            51.307682
                        ],
                        [
                            4.283055,
                            51.317215
                        ],
                        [
                            4.280181,
                            51.3442
                        ],
                        [
                            4.260985,
                            51.355434
                        ],
                        [
                            4.252368,
                            51.375145
                        ],
                        [
                            4.279674,
                            51.376595
                        ],
                        [
                            4.346944,
                            51.362495
                        ],
                        [
                            4.358889,
                            51.359993
                        ],
                        [
                            4.388055,
                            51.357498
                        ],
                        [
                            4.407222,
                            51.357773
                        ],
                        [
                            4.418611,
                            51.359161
                        ],
                        [
                            4.428055,
                            51.361938
                        ],
                        [
                            4.431666,
                            51.364441
                        ],
                        [
                            4.437778,
                            51.375275
                        ],
                        [
                            4.436388,
                            51.378883
                        ],
                        [
                            4.417777,
                            51.398331
                        ],
                        [
                            4.401388,
                            51.410828
                        ],
                        [
                            4.396667,
                            51.416939
                        ],
                        [
                            4.393888,
                            51.450272
                        ],
                        [
                            4.397499,
                            51.452774
                        ],
                        [
                            4.481944,
                            51.479439
                        ],
                        [
                            4.486666,
                            51.480827
                        ],
                        [
                            4.539721,
                            51.48555
                        ],
                        [
                            4.545555,
                            51.484993
                        ],
                        [
                            4.549444,
                            51.482773
                        ],
                        [
                            4.550833,
                            51.479439
                        ],
                        [
                            4.549999,
                            51.474998
                        ],
                        [
                            4.544999,
                            51.462776
                        ],
                        [
                            4.543333,
                            51.458885
                        ],
                        [
                            4.538055,
                            51.452499
                        ],
                        [
                            4.535277,
                            51.443886
                        ],
                        [
                            4.535277,
                            51.43972
                        ],
                        [
                            4.537222,
                            51.432495
                        ],
                        [
                            4.541944,
                            51.426666
                        ],
                        [
                            4.546944,
                            51.425827
                        ],
                        [
                            4.644722,
                            51.42305
                        ],
                        [
                            4.650555,
                            51.423332
                        ],
                        [
                            4.671388,
                            51.427757
                        ],
                        [
                            4.673055,
                            51.430832
                        ],
                        [
                            4.670833,
                            51.433609
                        ],
                        [
                            4.668611,
                            51.440826
                        ],
                        [
                            4.671111,
                            51.44416
                        ],
                        [
                            4.69861,
                            51.464439
                        ],
                        [
                            4.705555,
                            51.469444
                        ],
                        [
                            4.757222,
                            51.496666
                        ],
                        [
                            4.769166,
                            51.502777
                        ],
                        [
                            4.781111,
                            51.503609
                        ],
                        [
                            4.788333,
                            51.503052
                        ],
                        [
                            4.806944,
                            51.499443
                        ],
                        [
                            4.825833,
                            51.492218
                        ],
                        [
                            4.845555,
                            51.48111
                        ],
                        [
                            4.84611,
                            51.477493
                        ],
                        [
                            4.844722,
                            51.461388
                        ],
                        [
                            4.832777,
                            51.429993
                        ],
                        [
                            4.853055,
                            51.414444
                        ],
                        [
                            4.929999,
                            51.398605
                        ],
                        [
                            4.93611,
                            51.399437
                        ],
                        [
                            4.940277,
                            51.401382
                        ],
                        [
                            4.955555,
                            51.409996
                        ],
                        [
                            4.989444,
                            51.43055
                        ],
                        [
                            5,
                            51.437775
                        ],
                        [
                            5.009444,
                            51.446388
                        ],
                        [
                            5.012777,
                            51.454163
                        ],
                        [
                            5.015277,
                            51.471664
                        ],
                        [
                            5.016944,
                            51.475555
                        ],
                        [
                            5.023611,
                            51.48111
                        ],
                        [
                            5.035555,
                            51.487221
                        ],
                        [
                            5.041389,
                            51.486664
                        ],
                        [
                            5.073333,
                            51.471664
                        ],
                        [
                            5.080277,
                            51.466942
                        ],
                        [
                            5.09611,
                            51.446106
                        ],
                        [
                            5.104444,
                            51.434998
                        ],
                        [
                            5.103333,
                            51.43055
                        ],
                        [
                            5.10111,
                            51.427216
                        ],
                        [
                            5.089444,
                            51.415276
                        ],
                        [
                            5.085833,
                            51.412773
                        ],
                        [
                            5.08,
                            51.406944
                        ],
                        [
                            5.077777,
                            51.403328
                        ],
                        [
                            5.076666,
                            51.398888
                        ],
                        [
                            5.077222,
                            51.395271
                        ],
                        [
                            5.07861,
                            51.391663
                        ],
                        [
                            5.083055,
                            51.385826
                        ],
                        [
                            5.139999,
                            51.320831
                        ],
                        [
                            5.143888,
                            51.318604
                        ],
                        [
                            5.155,
                            51.315826
                        ],
                        [
                            5.168056,
                            51.314438
                        ],
                        [
                            5.189166,
                            51.31916
                        ],
                        [
                            5.194444,
                            51.32
                        ],
                        [
                            5.201111,
                            51.319717
                        ],
                        [
                            5.223332,
                            51.313889
                        ],
                        [
                            5.233611,
                            51.310555
                        ],
                        [
                            5.237499,
                            51.308327
                        ],
                        [
                            5.238889,
                            51.304718
                        ],
                        [
                            5.238974,
                            51.262283
                        ],
                        [
                            5.329721,
                            51.262215
                        ],
                        [
                            5.4,
                            51.265549
                        ],
                        [
                            5.406111,
                            51.266106
                        ],
                        [
                            5.411388,
                            51.266937
                        ],
                        [
                            5.467777,
                            51.282776
                        ],
                        [
                            5.475555,
                            51.286942
                        ],
                        [
                            5.485833,
                            51.294998
                        ],
                        [
                            5.497222,
                            51.296104
                        ],
                        [
                            5.504444,
                            51.295273
                        ],
                        [
                            5.510833,
                            51.294441
                        ],
                        [
                            5.520833,
                            51.291107
                        ],
                        [
                            5.550278,
                            51.272499
                        ],
                        [
                            5.553333,
                            51.269722
                        ],
                        [
                            5.557777,
                            51.263885
                        ],
                        [
                            5.568334,
                            51.220711
                        ],
                        [
                            5.644722,
                            51.203606
                        ],
                        [
                            5.754167,
                            51.189995
                        ],
                        [
                            5.834444,
                            51.165833
                        ],
                        [
                            5.849171,
                            51.15638
                        ],
                        [
                            5.855,
                            51.151108
                        ],
                        [
                            5.855111,
                            51.148338
                        ],
                        [
                            5.851388,
                            51.14222
                        ],
                        [
                            5.848332,
                            51.139442
                        ],
                        [
                            5.818055,
                            51.114998
                        ],
                        [
                            5.776944,
                            51.025833
                        ],
                        [
                            5.764166,
                            50.989998
                        ],
                        [
                            5.758055,
                            50.959999
                        ],
                        [
                            5.657499,
                            50.880272
                        ],
                        [
                            5.65,
                            50.876938
                        ],
                        [
                            5.640555,
                            50.863052
                        ],
                        [
                            5.638888,
                            50.858887
                        ],
                        [
                            5.6375,
                            50.850273
                        ],
                        [
                            5.638055,
                            50.846664
                        ],
                        [
                            5.640833,
                            50.839722
                        ],
                        [
                            5.651667,
                            50.824715
                        ],
                        [
                            5.655555,
                            50.822495
                        ],
                        [
                            5.683611,
                            50.811386
                        ],
                        [
                            5.69394,
                            50.808815
                        ],
                        [
                            5.701944,
                            50.805832
                        ],
                        [
                            5.705,
                            50.785828
                        ],
                        [
                            5.70556,
                            50.781952
                        ],
                        [
                            5.701388,
                            50.774437
                        ],
                        [
                            5.691911,
                            50.760559
                        ],
                        [
                            5.69861,
                            50.757774
                        ],
                        [
                            5.737222,
                            50.759438
                        ],
                        [
                            5.742499,
                            50.760277
                        ],
                        [
                            5.7975,
                            50.76944
                        ],
                        [
                            5.870555,
                            50.760826
                        ],
                        [
                            5.898918,
                            50.753883
                        ],
                        [
                            5.926389,
                            50.756104
                        ],
                        [
                            6.011798,
                            50.757271
                        ],
                        [
                            6.054722,
                            50.72361
                        ],
                        [
                            6.167222,
                            50.656387
                        ],
                        [
                            6.268611,
                            50.623604
                        ],
                        [
                            6.270833,
                            50.621384
                        ],
                        [
                            6.271667,
                            50.618607
                        ],
                        [
                            6.270555,
                            50.615829
                        ],
                        [
                            6.247777,
                            50.589165
                        ],
                        [
                            6.264722,
                            50.497772
                        ],
                        [
                            6.309444,
                            50.498055
                        ],
                        [
                            6.317499,
                            50.496384
                        ],
                        [
                            6.333888,
                            50.489716
                        ],
                        [
                            6.344444,
                            50.484161
                        ],
                        [
                            6.371111,
                            50.448326
                        ],
                        [
                            6.37361,
                            50.443329
                        ],
                        [
                            6.374444,
                            50.440552
                        ],
                        [
                            6.398204,
                            50.323174
                        ],
                        [
                            6.349722,
                            50.312775
                        ],
                        [
                            6.280833,
                            50.283607
                        ],
                        [
                            6.173333,
                            50.232498
                        ],
                        [
                            6.165555,
                            50.22361
                        ],
                        [
                            6.163888,
                            50.221382
                        ],
                        [
                            6.139722,
                            50.154442
                        ],
                        [
                            6.134414,
                            50.127846
                        ],
                        [
                            6.12,
                            50.131943
                        ],
                        [
                            6.033889,
                            50.159164
                        ],
                        [
                            6.031111,
                            50.160828
                        ],
                        [
                            6.02861,
                            50.166107
                        ],
                        [
                            6.026256,
                            50.181252
                        ],
                        [
                            6.021944,
                            50.18222
                        ],
                        [
                            6.013888,
                            50.181389
                        ],
                        [
                            5.976388,
                            50.171387
                        ],
                        [
                            5.969722,
                            50.16861
                        ],
                        [
                            5.891666,
                            50.10611
                        ],
                        [
                            5.889444,
                            50.104164
                        ],
                        [
                            5.886666,
                            50.098885
                        ],
                        [
                            5.883055,
                            50.080551
                        ],
                        [
                            5.883055,
                            50.077217
                        ],
                        [
                            5.834444,
                            49.986938
                        ],
                        [
                            5.791389,
                            49.962494
                        ],
                        [
                            5.777499,
                            49.957771
                        ],
                        [
                            5.774722,
                            49.956108
                        ],
                        [
                            5.770833,
                            49.95166
                        ],
                        [
                            5.747777,
                            49.907494
                        ],
                        [
                            5.734444,
                            49.834999
                        ],
                        [
                            5.746666,
                            49.795273
                        ],
                        [
                            5.748055,
                            49.79277
                        ],
                        [
                            5.750833,
                            49.791107
                        ],
                        [
                            5.764999,
                            49.789993
                        ],
                        [
                            5.790277,
                            49.78083
                        ],
                        [
                            5.869444,
                            49.719719
                        ],
                        [
                            5.87615,
                            49.709885
                        ],
                        [
                            5.899166,
                            49.662773
                        ],
                        [
                            5.900277,
                            49.640549
                        ],
                        [
                            5.863055,
                            49.571663
                        ],
                        [
                            5.837777,
                            49.550278
                        ],
                        [
                            5.834167,
                            49.549164
                        ],
                        [
                            5.80788,
                            49.545044
                        ],
                        [
                            5.792222,
                            49.54583
                        ],
                        [
                            5.702222,
                            49.543053
                        ],
                        [
                            5.631944,
                            49.535828
                        ],
                        [
                            5.593333,
                            49.526382
                        ],
                        [
                            5.530555,
                            49.511108
                        ],
                        [
                            5.514444,
                            49.508888
                        ],
                        [
                            5.4775,
                            49.504166
                        ],
                        [
                            5.473055,
                            49.506104
                        ],
                        [
                            5.470277,
                            49.508888
                        ],
                        [
                            5.463611,
                            49.517776
                        ],
                        [
                            5.465278,
                            49.52166
                        ],
                        [
                            5.473888,
                            49.530548
                        ],
                        [
                            5.47611,
                            49.534164
                        ],
                        [
                            5.475555,
                            49.537773
                        ],
                        [
                            5.474166,
                            49.541107
                        ],
                        [
                            5.437778,
                            49.599998
                        ],
                        [
                            5.427221,
                            49.606941
                        ],
                        [
                            5.415,
                            49.613327
                        ],
                        [
                            5.398611,
                            49.621384
                        ],
                        [
                            5.392305,
                            49.622551
                        ],
                        [
                            5.331111,
                            49.656662
                        ],
                        [
                            4.996666,
                            49.802498
                        ],
                        [
                            4.984444,
                            49.804718
                        ],
                        [
                            4.959167,
                            49.802216
                        ],
                        [
                            4.944722,
                            49.79361
                        ],
                        [
                            4.935277,
                            49.790833
                        ],
                        [
                            4.924444,
                            49.789444
                        ],
                        [
                            4.912777,
                            49.788887
                        ],
                        [
                            4.906666,
                            49.789719
                        ],
                        [
                            4.873055,
                            49.797218
                        ],
                        [
                            4.863889,
                            49.80722
                        ],
                        [
                            4.820833,
                            49.992775
                        ],
                        [
                            4.838888,
                            50.06916
                        ],
                        [
                            4.853333,
                            50.095551
                        ],
                        [
                            4.880555,
                            50.126389
                        ],
                        [
                            4.883333,
                            50.129166
                        ],
                        [
                            4.8875,
                            50.131104
                        ],
                        [
                            4.894444,
                            50.136108
                        ],
                        [
                            4.894722,
                            50.140274
                        ],
                        [
                            4.882777,
                            50.154716
                        ],
                        [
                            4.832503,
                            50.16861
                        ],
                        [
                            4.819166,
                            50.167221
                        ],
                        [
                            4.814722,
                            50.165833
                        ],
                        [
                            4.763055,
                            50.135551
                        ],
                        [
                            4.696944,
                            50.090828
                        ],
                        [
                            4.693055,
                            50.083328
                        ],
                        [
                            4.688055,
                            50.071106
                        ],
                        [
                            4.687778,
                            50.067215
                        ],
                        [
                            4.693889,
                            50.061943
                        ],
                        [
                            4.697499,
                            50.05555
                        ],
                        [
                            4.694444,
                            50.041939
                        ],
                        [
                            4.679722,
                            50.001938
                        ],
                        [
                            4.673611,
                            49.996384
                        ],
                        [
                            4.510555,
                            49.947495
                        ],
                        [
                            4.464167,
                            49.938889
                        ],
                        [
                            4.458333,
                            49.938606
                        ],
                        [
                            4.445833,
                            49.940552
                        ],
                        [
                            4.430007,
                            49.945007
                        ],
                        [
                            4.413333,
                            49.949165
                        ],
                        [
                            4.317222,
                            49.969719
                        ],
                        [
                            4.248055,
                            49.964439
                        ],
                        [
                            4.231111,
                            49.962494
                        ],
                        [
                            4.215261,
                            49.959602
                        ],
                        [
                            4.183055,
                            49.976387
                        ],
                        [
                            4.174179,
                            49.979881
                        ],
                        [
                            4.149238,
                            49.978371
                        ],
                        [
                            4.147222,
                            50.009995
                        ],
                        [
                            4.171389,
                            50.137215
                        ],
                        [
                            4.194444,
                            50.237495
                        ],
                        [
                            4.165,
                            50.283051
                        ],
                        [
                            4.038333,
                            50.355553
                        ],
                        [
                            4.033177,
                            50.35643
                        ],
                        [
                            3.983889,
                            50.345276
                        ],
                        [
                            3.889722,
                            50.339996
                        ],
                        [
                            3.774722,
                            50.353882
                        ],
                        [
                            3.676944,
                            50.395271
                        ],
                        [
                            3.671667,
                            50.433327
                        ],
                        [
                            3.670555,
                            50.440826
                        ],
                        [
                            3.668889,
                            50.44416
                        ],
                        [
                            3.660555,
                            50.456383
                        ],
                        [
                            3.657728,
                            50.45887
                        ],
                        [
                            3.654444,
                            50.461662
                        ],
                        [
                            3.620155,
                            50.490044
                        ],
                        [
                            3.607778,
                            50.495827
                        ],
                        [
                            3.518055,
                            50.518883
                        ],
                        [
                            3.456666,
                            50.511383
                        ],
                        [
                            3.4525,
                            50.509438
                        ],
                        [
                            3.372777,
                            50.494995
                        ],
                        [
                            3.367222,
                            50.495552
                        ],
                        [
                            3.298611,
                            50.523048
                        ],
                        [
                            3.295555,
                            50.525551
                        ],
                        [
                            3.28,
                            50.53833
                        ],
                        [
                            3.278611,
                            50.541664
                        ],
                        [
                            3.243055,
                            50.660271
                        ],
                        [
                            3.242222,
                            50.668053
                        ],
                        [
                            3.197778,
                            50.727219
                        ],
                        [
                            3.187222,
                            50.746666
                        ],
                        [
                            3.182874,
                            50.75705
                        ],
                        [
                            3.164722,
                            50.780548
                        ],
                        [
                            3.162222,
                            50.783607
                        ],
                        [
                            3.154444,
                            50.78833
                        ],
                        [
                            3.149722,
                            50.789993
                        ],
                        [
                            3.143333,
                            50.790833
                        ],
                        [
                            3.116389,
                            50.791664
                        ],
                        [
                            3.050833,
                            50.780273
                        ],
                        [
                            3.041667,
                            50.777222
                        ],
                        [
                            3.026988,
                            50.769844
                        ],
                        [
                            3.02,
                            50.770554
                        ],
                        [
                            3.008611,
                            50.769165
                        ],
                        [
                            2.960556,
                            50.7575
                        ],
                        [
                            2.943055,
                            50.741386
                        ],
                        [
                            2.898056,
                            50.703049
                        ],
                        [
                            2.867503,
                            50.713379
                        ],
                        [
                            2.781944,
                            50.755554
                        ],
                        [
                            2.650555,
                            50.816109
                        ],
                        [
                            2.597777,
                            50.925827
                        ],
                        [
                            2.5975,
                            50.995827
                        ],
                        [
                            2.541667,
                            51.09111
                        ],
                        [
                            2.550833,
                            51.092499
                        ],
                        [
                            2.560277,
                            51.095551
                        ],
                        [
                            2.863055,
                            51.213333
                        ],
                        [
                            2.955277,
                            51.249718
                        ],
                        [
                            3.02,
                            51.276382
                        ],
                        [
                            3.095277,
                            51.311386
                        ],
                        [
                            3.112778,
                            51.318329
                        ],
                        [
                            3.131667,
                            51.324165
                        ],
                        [
                            3.179722,
                            51.336105
                        ],
                        [
                            3.370866,
                            51.373856
                        ],
                        [
                            3.373611,
                            51.309998
                        ],
                        [
                            3.379444,
                            51.276939
                        ],
                        [
                            3.380833,
                            51.273605
                        ],
                        [
                            3.388324,
                            51.268677
                        ],
                        [
                            3.434166,
                            51.246109
                        ],
                        [
                            3.439167,
                            51.244438
                        ],
                        [
                            3.451944,
                            51.242493
                        ],
                        [
                            3.465833,
                            51.241943
                        ],
                        [
                            3.483611,
                            51.243332
                        ],
                        [
                            3.520833,
                            51.248055
                        ],
                        [
                            3.524167,
                            51.250549
                        ],
                        [
                            3.524444,
                            51.263054
                        ],
                        [
                            3.5225,
                            51.274162
                        ],
                        [
                            3.520833,
                            51.277496
                        ],
                        [
                            3.520278,
                            51.281387
                        ],
                        [
                            3.521111,
                            51.285828
                        ],
                        [
                            3.524722,
                            51.28833
                        ],
                        [
                            3.595555,
                            51.303886
                        ],
                        [
                            3.600833,
                            51.304718
                        ],
                        [
                            3.608055,
                            51.304161
                        ],
                        [
                            3.669167,
                            51.29277
                        ],
                        [
                            3.782777,
                            51.264999
                        ],
                        [
                            3.793056,
                            51.26194
                        ],
                        [
                            3.796389,
                            51.259438
                        ],
                        [
                            3.790833,
                            51.237221
                        ],
                        [
                            3.790833,
                            51.233055
                        ],
                        [
                            3.793889,
                            51.223053
                        ],
                        [
                            3.796111,
                            51.220276
                        ],
                        [
                            3.806389,
                            51.216942
                        ],
                        [
                            3.890277,
                            51.205826
                        ],
                        [
                            3.8975,
                            51.205276
                        ],
                        [
                            3.903611,
                            51.205826
                        ],
                        [
                            3.9525,
                            51.214439
                        ],
                        [
                            4.062222,
                            51.25222
                        ],
                        [
                            4.127777,
                            51.278885
                        ],
                        [
                            4.161388,
                            51.294167
                        ],
                        [
                            4.173055,
                            51.300552
                        ],
                        [
                            4.214999,
                            51.330276
                        ],
                        [
                            4.228333,
                            51.340553
                        ],
                        [
                            4.238898,
                            51.350426
                        ],
                        [
                            4.255836,
                            51.336239
                        ],
                        [
                            4.26356,
                            51.317043
                        ],
                        [
                            4.280649,
                            51.301125
                        ],
                        [
                            4.309444,
                            51.290276
                        ],
                        [
                            4.312499,
                            51.287498
                        ],
                        [
                            4.313055,
                            51.283882
                        ],
                        [
                            4.300079,
                            51.267651
                        ],
                        [
                            4.302375,
                            51.263184
                        ]
                    ]
                ]
            }
        },
        {
            "type": "Feature",
            "properties": {
                "FID": 0,
                "FIPS": "NL",
                "ISO2": "NL",
                "ISO3": "NLD",
                "UN": 528,
                "NAME": "Netherlands",
                "AREA": 3388,
                "POP2005": 1632769,
                "REGION": 150,
                "SUBREGION": 155,
                "LON": 5.389,
                "LAT": 52.077
            },
            "geometry": {
                "type": "MultiPolygon",
                "coordinates": [
                    [
                        [
                            [
                                3.76417,
                                51.345276
                            ],
                            [
                                3.861944,
                                51.339165
                            ],
                            [
                                3.86722200000014,
                                51.339996
                            ],
                            [
                                3.961389000000111,
                                51.36972
                            ],
                            [
                                4.198055,
                                51.374443
                            ],
                            [
                                4.205277,
                                51.37389
                            ],
                            [
                                4.210833,
                                51.372498
                            ],
                            [
                                4.215,
                                51.3702770000001
                            ],
                            [
                                4.2175,
                                51.36833200000012
                            ],
                            [
                                4.23889800000012,
                                51.350426
                            ],
                            [
                                4.228333000000134,
                                51.340553000000114
                            ],
                            [
                                4.215,
                                51.33027600000014
                            ],
                            [
                                4.17305,
                                51.300552
                            ],
                            [
                                4.161388000000102,
                                51.29416700000013
                            ],
                            [
                                4.127777,
                                51.278885
                            ],
                            [
                                4.062222,
                                51.25222
                            ],
                            [
                                3.9525,
                                51.214439
                            ],
                            [
                                3.903611,
                                51.205826000000116
                            ],
                            [
                                3.8975,
                                51.205276
                            ],
                            [
                                3.890277,
                                51.205826000000116
                            ],
                            [
                                3.806389000000138,
                                51.216942
                            ],
                            [
                                3.796111,
                                51.220276
                            ],
                            [
                                3.793889,
                                51.22305300000011
                            ],
                            [
                                3.79083,
                                51.233055
                            ],
                            [
                                3.79083,
                                51.23722
                            ],
                            [
                                3.79639,
                                51.259438
                            ],
                            [
                                3.793056,
                                51.26194
                            ],
                            [
                                3.782777,
                                51.2649990000001
                            ],
                            [
                                3.669167,
                                51.29277
                            ],
                            [
                                3.608055,
                                51.304161000000136
                            ],
                            [
                                3.600833,
                                51.304718
                            ],
                            [
                                3.595555,
                                51.303886
                            ],
                            [
                                3.524722,
                                51.28833
                            ],
                            [
                                3.52111,
                                51.285828
                            ],
                            [
                                3.52028,
                                51.281387
                            ],
                            [
                                3.520833,
                                51.277496
                            ],
                            [
                                3.5225,
                                51.2741620000001
                            ],
                            [
                                3.524444,
                                51.263054000000125
                            ],
                            [
                                3.524167,
                                51.25055
                            ],
                            [
                                3.520833,
                                51.248055
                            ],
                            [
                                3.483611,
                                51.243332
                            ],
                            [
                                3.465833,
                                51.241943
                            ],
                            [
                                3.45194400000014,
                                51.242493
                            ],
                            [
                                3.439167,
                                51.244438
                            ],
                            [
                                3.434166,
                                51.246109
                            ],
                            [
                                3.388324,
                                51.26867700000014
                            ],
                            [
                                3.380833,
                                51.273605
                            ],
                            [
                                3.379444,
                                51.276939
                            ],
                            [
                                3.373611,
                                51.309998
                            ],
                            [
                                3.37087,
                                51.3738560000001
                            ],
                            [
                                3.40667,
                                51.385551
                            ],
                            [
                                3.519444,
                                51.411385
                            ],
                            [
                                3.538333000000137,
                                51.411942000000124
                            ],
                            [
                                3.550278000000105,
                                51.409721
                            ],
                            [
                                3.639722,
                                51.381660000000124
                            ],
                            [
                                3.72139,
                                51.35583
                            ],
                            [
                                3.735000000000127,
                                51.35
                            ],
                            [
                                3.740555,
                                51.34861
                            ],
                            [
                                3.76417,
                                51.345276
                            ]
                        ]
                    ],
                    [
                        [
                            [
                                5.763888,
                                52.415276
                            ],
                            [
                                5.754167,
                                52.412498
                            ],
                            [
                                5.720833,
                                52.41305
                            ],
                            [
                                5.693889,
                                52.408051
                            ],
                            [
                                5.638888000000122,
                                52.388611
                            ],
                            [
                                5.62444,
                                52.379715
                            ],
                            [
                                5.611944000000108,
                                52.36972
                            ],
                            [
                                5.57778,
                                52.369438000000116
                            ],
                            [
                                5.573055,
                                52.36805
                            ],
                            [
                                5.565000000000111,
                                52.36360900000011
                            ],
                            [
                                5.546111,
                                52.351944
                            ],
                            [
                                5.544999,
                                52.347496
                            ],
                            [
                                5.545555,
                                52.343887
                            ],
                            [
                                5.559166,
                                52.325829
                            ],
                            [
                                5.559722,
                                52.32222
                            ],
                            [
                                5.53889,
                                52.290276
                            ],
                            [
                                5.534166,
                                52.283333
                            ],
                            [
                                5.529722000000106,
                                52.28138700000011
                            ],
                            [
                                5.516944000000137,
                                52.27805
                            ],
                            [
                                5.428611,
                                52.26416000000012
                            ],
                            [
                                5.415833,
                                52.26416000000012
                            ],
                            [
                                5.404444000000126,
                                52.266937
                            ],
                            [
                                5.3975,
                                52.271942
                            ],
                            [
                                5.369721,
                                52.287498
                            ],
                            [
                                5.357778,
                                52.294167
                            ],
                            [
                                5.330555,
                                52.30917
                            ],
                            [
                                5.305555,
                                52.317772
                            ],
                            [
                                5.27861,
                                52.325829
                            ],
                            [
                                5.24861,
                                52.3325
                            ],
                            [
                                5.21194400000013,
                                52.34
                            ],
                            [
                                5.192778,
                                52.339439
                            ],
                            [
                                5.187222,
                                52.338608
                            ],
                            [
                                5.1775,
                                52.335548
                            ],
                            [
                                5.165833000000134,
                                52.334442
                            ],
                            [
                                5.160832,
                                52.335274
                            ],
                            [
                                5.156111,
                                52.33721900000012
                            ],
                            [
                                5.151944,
                                52.339439
                            ],
                            [
                                5.145833,
                                52.344719
                            ],
                            [
                                5.141944000000137,
                                52.35083
                            ],
                            [
                                5.135555000000124,
                                52.380272
                            ],
                            [
                                5.137777000000142,
                                52.382774
                            ],
                            [
                                5.168192,
                                52.393799000000115
                            ],
                            [
                                5.181110000000103,
                                52.405548
                            ],
                            [
                                5.203055,
                                52.414719
                            ],
                            [
                                5.296389,
                                52.45166000000012
                            ],
                            [
                                5.381944,
                                52.484444
                            ],
                            [
                                5.41309600000011,
                                52.49332
                            ],
                            [
                                5.45117,
                                52.509445
                            ],
                            [
                                5.454558,
                                52.524216
                            ],
                            [
                                5.456944,
                                52.5283280000001
                            ],
                            [
                                5.47805,
                                52.548882
                            ],
                            [
                                5.573333,
                                52.588333
                            ],
                            [
                                5.643611,
                                52.601105
                            ],
                            [
                                5.827222,
                                52.570549
                            ],
                            [
                                5.831388000000118,
                                52.56832900000012
                            ],
                            [
                                5.839444,
                                52.561104
                            ],
                            [
                                5.85556,
                                52.544167
                            ],
                            [
                                5.861388,
                                52.534996
                            ],
                            [
                                5.862928,
                                52.522232
                            ],
                            [
                                5.85556,
                                52.492493
                            ],
                            [
                                5.8475,
                                52.482498
                            ],
                            [
                                5.831111,
                                52.46333
                            ],
                            [
                                5.798333,
                                52.43055
                            ],
                            [
                                5.795278,
                                52.427498
                            ],
                            [
                                5.786666000000139,
                                52.423607
                            ],
                            [
                                5.763888,
                                52.415276
                            ]
                        ]
                    ],
                    [
                        [
                            [
                                5.423333,
                                52.636383
                            ],
                            [
                                5.44861,
                                52.61555
                            ],
                            [
                                5.457222,
                                52.60721600000011
                            ],
                            [
                                5.477221,
                                52.58416
                            ],
                            [
                                5.485555,
                                52.572777
                            ],
                            [
                                5.486111,
                                52.568886
                            ],
                            [
                                5.48527700000011,
                                52.565277
                            ],
                            [
                                5.46455,
                                52.560211
                            ],
                            [
                                5.447742,
                                52.53826
                            ],
                            [
                                5.447398,
                                52.51305
                            ],
                            [
                                5.439482,
                                52.50839600000012
                            ],
                            [
                                5.42691,
                                52.501411
                            ],
                            [
                                5.409215,
                                52.495358000000124
                            ],
                            [
                                5.377765,
                                52.4885220000001
                            ],
                            [
                                5.304445000000101,
                                52.457642
                            ],
                            [
                                5.190362,
                                52.41527
                            ],
                            [
                                5.180584000000124,
                                52.409214000000134
                            ],
                            [
                                5.174065,
                                52.404556
                            ],
                            [
                                5.168076,
                                52.397217000000126
                            ],
                            [
                                5.15777,
                                52.392914
                            ],
                            [
                                5.134019,
                                52.383137
                            ],
                            [
                                5.067196,
                                52.38626
                            ],
                            [
                                5.059339,
                                52.38877100000013
                            ],
                            [
                                5.054624,
                                52.39128
                            ],
                            [
                                5.051795,
                                52.394115
                            ],
                            [
                                5.050538,
                                52.39663
                            ],
                            [
                                5.052738,
                                52.400715
                            ],
                            [
                                5.08313,
                                52.415245
                            ],
                            [
                                5.093333,
                                52.436104
                            ],
                            [
                                5.095555,
                                52.436386
                            ],
                            [
                                5.10305,
                                52.44138
                            ],
                            [
                                5.105833000000132,
                                52.444443
                            ],
                            [
                                5.111388,
                                52.469994
                            ],
                            [
                                5.111666,
                                52.474159
                            ],
                            [
                                5.10743,
                                52.48853300000013
                            ],
                            [
                                5.104218,
                                52.497684
                            ],
                            [
                                5.100493,
                                52.50513500000011
                            ],
                            [
                                5.07162,
                                52.547043000000144
                            ],
                            [
                                5.048341000000107,
                                52.566135
                            ],
                            [
                                5.045547,
                                52.57265500000011
                            ],
                            [
                                5.03576900000013,
                                52.605247
                            ],
                            [
                                5.033441,
                                52.613167
                            ],
                            [
                                5.032509,
                                52.619217000000106
                            ],
                            [
                                5.033441,
                                52.6262
                            ],
                            [
                                5.03949,
                                52.633652
                            ],
                            [
                                5.046944,
                                52.636913
                            ],
                            [
                                5.05486,
                                52.638309
                            ],
                            [
                                5.101424,
                                52.63784
                            ],
                            [
                                5.1126000000001,
                                52.63226
                            ],
                            [
                                5.120516000000123,
                                52.6262
                            ],
                            [
                                5.126569,
                                52.619682
                            ],
                            [
                                5.13588,
                                52.61596
                            ],
                            [
                                5.142401,
                                52.61596
                            ],
                            [
                                5.149386,
                                52.616890000000126
                            ],
                            [
                                5.16382,
                                52.620617
                            ],
                            [
                                5.201072000000124,
                                52.633186
                            ],
                            [
                                5.22575,
                                52.642967
                            ],
                            [
                                5.23972,
                                52.650883
                            ],
                            [
                                5.247637,
                                52.656471
                            ],
                            [
                                5.25275900000014,
                                52.662056
                            ],
                            [
                                5.256949,
                                52.669041
                            ],
                            [
                                5.259278,
                                52.67696
                            ],
                            [
                                5.260675,
                                52.68301
                            ],
                            [
                                5.296389,
                                52.69111
                            ],
                            [
                                5.302221,
                                52.690552
                            ],
                            [
                                5.33,
                                52.68278
                            ],
                            [
                                5.378333000000111,
                                52.668327
                            ],
                            [
                                5.382222,
                                52.666107
                            ],
                            [
                                5.423333,
                                52.636383
                            ]
                        ]
                    ],
                    [
                        [
                            [
                                4.76472200000012,
                                52.990273000000116
                            ],
                            [
                                4.753611,
                                52.988609
                            ],
                            [
                                4.73861,
                                52.98972
                            ],
                            [
                                4.727777,
                                52.99305
                            ],
                            [
                                4.720555,
                                52.997772
                            ],
                            [
                                4.71583,
                                53.00388
                            ],
                            [
                                4.708333,
                                53.020554
                            ],
                            [
                                4.70667,
                                53.035828
                            ],
                            [
                                4.70805,
                                53.044441
                            ],
                            [
                                4.713888,
                                53.056107
                            ],
                            [
                                4.721666000000141,
                                53.06611
                            ],
                            [
                                4.743333,
                                53.0861
                            ],
                            [
                                4.853333,
                                53.18138900000014
                            ],
                            [
                                4.859722,
                                53.185829
                            ],
                            [
                                4.868889,
                                53.18833
                            ],
                            [
                                4.879167000000109,
                                53.186386
                            ],
                            [
                                4.883333,
                                53.184166
                            ],
                            [
                                4.885833000000105,
                                53.181664
                            ],
                            [
                                4.912222,
                                53.141937
                            ],
                            [
                                4.912222,
                                53.09861
                            ],
                            [
                                4.90889,
                                53.090553000000114
                            ],
                            [
                                4.90333,
                                53.08416
                            ],
                            [
                                4.876666000000114,
                                53.056938
                            ],
                            [
                                4.858611,
                                53.039162
                            ],
                            [
                                4.804722,
                                53.006943
                            ],
                            [
                                4.787499000000139,
                                52.998886
                            ],
                            [
                                4.76472200000012,
                                52.990273000000116
                            ]
                        ]
                    ],
                    [
                        [
                            [
                                4.957222000000115,
                                53.237778
                            ],
                            [
                                4.889722,
                                53.210831
                            ],
                            [
                                4.883055,
                                53.21194
                            ],
                            [
                                4.879999,
                                53.214439
                            ],
                            [
                                4.88111,
                                53.21916
                            ],
                            [
                                4.883333,
                                53.2225
                            ],
                            [
                                4.893055,
                                53.230827
                            ],
                            [
                                4.912222,
                                53.242493
                            ],
                            [
                                4.964722,
                                53.270828
                            ],
                            [
                                4.989444,
                                53.283333
                            ],
                            [
                                5.002222,
                                53.289162
                            ],
                            [
                                5.011666,
                                53.292496
                            ],
                            [
                                5.05472200000014,
                                53.304718
                            ],
                            [
                                5.07944,
                                53.310829
                            ],
                            [
                                5.09389,
                                53.309998
                            ],
                            [
                                5.099722,
                                53.308609
                            ],
                            [
                                5.104722,
                                53.306664
                            ],
                            [
                                5.106388,
                                53.30333
                            ],
                            [
                                5.103889,
                                53.29999
                            ],
                            [
                                4.957222000000115,
                                53.237778
                            ]
                        ]
                    ],
                    [
                        [
                            [
                                5.213055,
                                53.34999800000014
                            ],
                            [
                                5.20055,
                                53.349442000000124
                            ],
                            [
                                5.186666000000116,
                                53.349716
                            ],
                            [
                                5.174999,
                                53.35249
                            ],
                            [
                                5.16861,
                                53.357773
                            ],
                            [
                                5.16722,
                                53.361107
                            ],
                            [
                                5.166666000000134,
                                53.364998
                            ],
                            [
                                5.16889,
                                53.373886
                            ],
                            [
                                5.171111,
                                53.377495
                            ],
                            [
                                5.179999,
                                53.38110400000011
                            ],
                            [
                                5.218055,
                                53.39388300000013
                            ],
                            [
                                5.22805,
                                53.39666
                            ],
                            [
                                5.53972,
                                53.44944
                            ],
                            [
                                5.556666000000121,
                                53.451942000000145
                            ],
                            [
                                5.574721,
                                53.452774
                            ],
                            [
                                5.579721,
                                53.450829
                            ],
                            [
                                5.58194,
                                53.44778
                            ],
                            [
                                5.579721,
                                53.44249700000012
                            ],
                            [
                                5.577499000000103,
                                53.43916300000012
                            ],
                            [
                                5.574166,
                                53.436104000000114
                            ],
                            [
                                5.570555,
                                53.433609000000104
                            ],
                            [
                                5.56111,
                                53.43027500000011
                            ],
                            [
                                5.35333,
                                53.38110400000011
                            ],
                            [
                                5.311388,
                                53.371666
                            ],
                            [
                                5.213055,
                                53.34999800000014
                            ]
                        ]
                    ],
                    [
                        [
                            [
                                6.871666,
                                53.416107
                            ],
                            [
                                6.901667,
                                53.35027300000013
                            ],
                            [
                                6.939722,
                                53.324715
                            ],
                            [
                                6.945277,
                                53.321388
                            ],
                            [
                                7.078333,
                                53.26111
                            ],
                            [
                                7.088611000000128,
                                53.25694
                            ],
                            [
                                7.10111,
                                53.253883
                            ],
                            [
                                7.190277,
                                53.240273
                            ],
                            [
                                7.201111,
                                53.23972
                            ],
                            [
                                7.205277,
                                53.240829
                            ],
                            [
                                7.208364,
                                53.242805
                            ],
                            [
                                7.207222,
                                53.17610900000011
                            ],
                            [
                                7.211666,
                                53.015831
                            ],
                            [
                                7.210278,
                                53.001938
                            ],
                            [
                                7.200277,
                                52.970551
                            ],
                            [
                                7.197778,
                                52.965
                            ],
                            [
                                7.19333,
                                52.95722
                            ],
                            [
                                7.179722,
                                52.93416600000012
                            ],
                            [
                                7.133055,
                                52.888885
                            ],
                            [
                                7.091067000000123,
                                52.836906
                            ],
                            [
                                7.076944,
                                52.82444
                            ],
                            [
                                7.069722,
                                52.814995
                            ],
                            [
                                7.066944,
                                52.799164
                            ],
                            [
                                7.065555,
                                52.78583
                            ],
                            [
                                7.064722,
                                52.76861
                            ],
                            [
                                7.065277,
                                52.75222
                            ],
                            [
                                7.063611,
                                52.72138200000012
                            ],
                            [
                                7.058888,
                                52.663887
                            ],
                            [
                                7.055277,
                                52.651939
                            ],
                            [
                                7.051666,
                                52.643608
                            ],
                            [
                                7.048055,
                                52.63888500000013
                            ],
                            [
                                7.043333000000132,
                                52.63499500000012
                            ],
                            [
                                7.035832000000141,
                                52.632774
                            ],
                            [
                                7.030833,
                                52.63250000000011
                            ],
                            [
                                7.025,
                                52.63250000000011
                            ],
                            [
                                6.920278,
                                52.63888500000013
                            ],
                            [
                                6.916944,
                                52.640549000000135
                            ],
                            [
                                6.91305,
                                52.6449970000001
                            ],
                            [
                                6.905555000000106,
                                52.650551
                            ],
                            [
                                6.902222,
                                52.651939
                            ],
                            [
                                6.894722000000115,
                                52.653053
                            ],
                            [
                                6.78167,
                                52.654160000000104
                            ],
                            [
                                6.76805,
                                52.65222
                            ],
                            [
                                6.756666,
                                52.6491620000001
                            ],
                            [
                                6.720833,
                                52.62944
                            ],
                            [
                                6.718923000000132,
                                52.626785
                            ],
                            [
                                6.72611,
                                52.62111
                            ],
                            [
                                6.729444,
                                52.616104
                            ],
                            [
                                6.760833,
                                52.56721
                            ],
                            [
                                6.75944,
                                52.56472
                            ],
                            [
                                6.75611,
                                52.563332
                            ],
                            [
                                6.7225,
                                52.559441000000106
                            ],
                            [
                                6.690277,
                                52.551941
                            ],
                            [
                                6.688889,
                                52.54916400000013
                            ],
                            [
                                6.7025,
                                52.490555
                            ],
                            [
                                6.705555,
                                52.485832
                            ],
                            [
                                6.753333000000111,
                                52.462776
                            ],
                            [
                                6.76444400000014,
                                52.45916
                            ],
                            [
                                6.94611,
                                52.434441
                            ],
                            [
                                6.950833,
                                52.43499800000012
                            ],
                            [
                                6.95417,
                                52.436386
                            ],
                            [
                                6.965833,
                                52.443054
                            ],
                            [
                                6.973888,
                                52.448608
                            ],
                            [
                                6.983889,
                                52.46
                            ],
                            [
                                6.987499,
                                52.4611
                            ],
                            [
                                6.99083,
                                52.459717
                            ],
                            [
                                7.058888,
                                52.398605
                            ],
                            [
                                7.061944,
                                52.39361
                            ],
                            [
                                7.065555,
                                52.385826
                            ],
                            [
                                7.071111,
                                52.358887
                            ],
                            [
                                7.069722,
                                52.35277600000012
                            ],
                            [
                                7.058114000000103,
                                52.337639
                            ],
                            [
                                7.038055,
                                52.31277
                            ],
                            [
                                7.032222,
                                52.298882000000106
                            ],
                            [
                                7.028889,
                                52.286942
                            ],
                            [
                                7.028055,
                                52.280273000000136
                            ],
                            [
                                7.028055,
                                52.276939
                            ],
                            [
                                7.031388,
                                52.268883
                            ],
                            [
                                7.053094,
                                52.23776
                            ],
                            [
                                7.042222,
                                52.23166700000013
                            ],
                            [
                                6.96472,
                                52.190277
                            ],
                            [
                                6.904166,
                                52.17305
                            ],
                            [
                                6.901111,
                                52.171387
                            ],
                            [
                                6.8775,
                                52.151382
                            ],
                            [
                                6.876111,
                                52.148605
                            ],
                            [
                                6.87472,
                                52.13916
                            ],
                            [
                                6.87194,
                                52.130272
                            ],
                            [
                                6.86861,
                                52.125549
                            ],
                            [
                                6.860555,
                                52.12028
                            ],
                            [
                                6.8525,
                                52.11833
                            ],
                            [
                                6.8425,
                                52.117775
                            ],
                            [
                                6.759428,
                                52.114563
                            ],
                            [
                                6.73639,
                                52.07666000000012
                            ],
                            [
                                6.728611,
                                52.035271
                            ],
                            [
                                6.794444,
                                52.010277
                            ],
                            [
                                6.80055,
                                52.00722
                            ],
                            [
                                6.826111,
                                51.98860900000011
                            ],
                            [
                                6.83,
                                51.97749
                            ],
                            [
                                6.8308320000001,
                                51.971382
                            ],
                            [
                                6.828888,
                                51.965553
                            ],
                            [
                                6.789166,
                                51.928055
                            ],
                            [
                                6.776944,
                                51.921387
                            ],
                            [
                                6.746388,
                                51.906105
                            ],
                            [
                                6.724444,
                                51.898048
                            ],
                            [
                                6.720555,
                                51.89777400000014
                            ],
                            [
                                6.701944,
                                51.90361
                            ],
                            [
                                6.69361,
                                51.90888200000012
                            ],
                            [
                                6.691667,
                                51.91111000000012
                            ],
                            [
                                6.685555,
                                51.914162
                            ],
                            [
                                6.67611,
                                51.91389
                            ],
                            [
                                6.594722000000104,
                                51.896111
                            ],
                            [
                                6.5275,
                                51.874443
                            ],
                            [
                                6.462777,
                                51.853607
                            ],
                            [
                                6.35111,
                                51.848053
                            ],
                            [
                                6.182221,
                                51.895271
                            ],
                            [
                                6.12361,
                                51.888054
                            ],
                            [
                                6.00305,
                                51.82999
                            ],
                            [
                                5.9625,
                                51.807777
                            ],
                            [
                                5.964722,
                                51.80555
                            ],
                            [
                                5.98139,
                                51.785271
                            ],
                            [
                                5.984722,
                                51.780548
                            ],
                            [
                                5.986666,
                                51.766937
                            ],
                            [
                                5.985833,
                                51.763885
                            ],
                            [
                                5.980833,
                                51.760277
                            ],
                            [
                                5.95205,
                                51.747528
                            ],
                            [
                                6.028889,
                                51.706665
                            ],
                            [
                                6.093055000000106,
                                51.60721600000011
                            ],
                            [
                                6.094166,
                                51.604439
                            ],
                            [
                                6.131389,
                                51.572495
                            ],
                            [
                                6.136666,
                                51.569160000000124
                            ],
                            [
                                6.15861,
                                51.55832700000013
                            ],
                            [
                                6.202222,
                                51.51694
                            ],
                            [
                                6.2075,
                                51.509995
                            ],
                            [
                                6.221944,
                                51.468887
                            ],
                            [
                                6.222221000000104,
                                51.46583
                            ],
                            [
                                6.222777,
                                51.364716
                            ],
                            [
                                6.222221000000104,
                                51.36166400000013
                            ],
                            [
                                6.143055,
                                51.29527300000012
                            ],
                            [
                                6.07889,
                                51.242493
                            ],
                            [
                                6.076388,
                                51.240273
                            ],
                            [
                                6.072222,
                                51.218048
                            ],
                            [
                                6.071666,
                                51.215
                            ],
                            [
                                6.071388,
                                51.211662
                            ],
                            [
                                6.074721,
                                51.189995000000124
                            ],
                            [
                                6.07667,
                                51.18110700000011
                            ],
                            [
                                6.079444000000137,
                                51.175827
                            ],
                            [
                                6.083611000000133,
                                51.17166
                            ],
                            [
                                6.090278,
                                51.168884
                            ],
                            [
                                6.0975,
                                51.131104
                            ],
                            [
                                6.00305,
                                51.08416
                            ],
                            [
                                5.910277,
                                51.062492
                            ],
                            [
                                5.906944000000124,
                                51.063889
                            ],
                            [
                                5.902499,
                                51.06305
                            ],
                            [
                                5.866944,
                                51.0480500000001
                            ],
                            [
                                5.86472,
                                51.046104
                            ],
                            [
                                5.864166,
                                51.04361
                            ],
                            [
                                5.869444000000101,
                                51.018883
                            ],
                            [
                                5.891666,
                                50.972771
                            ],
                            [
                                5.900277,
                                50.971939
                            ],
                            [
                                5.908055,
                                50.973885
                            ],
                            [
                                5.9325,
                                50.982216
                            ],
                            [
                                5.944722,
                                50.984993
                            ],
                            [
                                5.948889,
                                50.984993
                            ],
                            [
                                6.0175,
                                50.98027
                            ],
                            [
                                6.025555,
                                50.978333
                            ],
                            [
                                6.02833,
                                50.97666
                            ],
                            [
                                6.080277000000137,
                                50.915833
                            ],
                            [
                                6.081388,
                                50.91360500000013
                            ],
                            [
                                6.084722,
                                50.873604
                            ],
                            [
                                6.08417,
                                50.870552
                            ],
                            [
                                6.071666,
                                50.85416
                            ],
                            [
                                6.06778,
                                50.849716
                            ],
                            [
                                6.064722,
                                50.848328
                            ],
                            [
                                6.060833,
                                50.847496
                            ],
                            [
                                6.056389,
                                50.848328
                            ],
                            [
                                6.051666,
                                50.851944
                            ],
                            [
                                6.04611,
                                50.851944
                            ],
                            [
                                6.026111,
                                50.847771
                            ],
                            [
                                6.013888000000122,
                                50.84166
                            ],
                            [
                                6.013333,
                                50.838608
                            ],
                            [
                                6.008055000000127,
                                50.802216
                            ],
                            [
                                6.011798,
                                50.757271
                            ],
                            [
                                5.92639,
                                50.756104
                            ],
                            [
                                5.898918,
                                50.753883
                            ],
                            [
                                5.870555,
                                50.760826
                            ],
                            [
                                5.7975,
                                50.76944
                            ],
                            [
                                5.742499,
                                50.76028
                            ],
                            [
                                5.737222,
                                50.75944
                            ],
                            [
                                5.69861,
                                50.75777
                            ],
                            [
                                5.691911,
                                50.760559
                            ],
                            [
                                5.701388,
                                50.774437
                            ],
                            [
                                5.705560000000105,
                                50.7819520000001
                            ],
                            [
                                5.705,
                                50.78583
                            ],
                            [
                                5.701944,
                                50.80583200000012
                            ],
                            [
                                5.69394,
                                50.80881
                            ],
                            [
                                5.68361,
                                50.811386
                            ],
                            [
                                5.655555,
                                50.822495
                            ],
                            [
                                5.65167,
                                50.824715
                            ],
                            [
                                5.6408330000001,
                                50.839722
                            ],
                            [
                                5.638055000000122,
                                50.846664
                            ],
                            [
                                5.6375,
                                50.85027300000013
                            ],
                            [
                                5.638888000000122,
                                50.85889
                            ],
                            [
                                5.640555,
                                50.86305
                            ],
                            [
                                5.65,
                                50.87694
                            ],
                            [
                                5.657499,
                                50.88027
                            ],
                            [
                                5.758055,
                                50.959999
                            ],
                            [
                                5.764166000000102,
                                50.98999800000013
                            ],
                            [
                                5.776944,
                                51.025833
                            ],
                            [
                                5.818055,
                                51.114998
                            ],
                            [
                                5.84833,
                                51.139442000000145
                            ],
                            [
                                5.851388,
                                51.14222000000012
                            ],
                            [
                                5.855111,
                                51.148338
                            ],
                            [
                                5.855000000000132,
                                51.151108
                            ],
                            [
                                5.849171000000126,
                                51.15638
                            ],
                            [
                                5.834444,
                                51.165833
                            ],
                            [
                                5.754167,
                                51.189995000000124
                            ],
                            [
                                5.644722,
                                51.203606
                            ],
                            [
                                5.568334000000107,
                                51.22071
                            ],
                            [
                                5.557777,
                                51.26388500000013
                            ],
                            [
                                5.553333,
                                51.269722
                            ],
                            [
                                5.550278,
                                51.2725
                            ],
                            [
                                5.520833,
                                51.291107
                            ],
                            [
                                5.510833,
                                51.294441
                            ],
                            [
                                5.504444,
                                51.29527300000012
                            ],
                            [
                                5.497222,
                                51.29610400000013
                            ],
                            [
                                5.485833000000127,
                                51.294998000000135
                            ],
                            [
                                5.475555,
                                51.286942
                            ],
                            [
                                5.467777,
                                51.282776000000126
                            ],
                            [
                                5.411388,
                                51.266937
                            ],
                            [
                                5.406111,
                                51.266106
                            ],
                            [
                                5.4,
                                51.265549000000135
                            ],
                            [
                                5.32972100000012,
                                51.26221
                            ],
                            [
                                5.23897,
                                51.262283
                            ],
                            [
                                5.238889,
                                51.304718
                            ],
                            [
                                5.2375,
                                51.308327
                            ],
                            [
                                5.233611,
                                51.31055
                            ],
                            [
                                5.223332,
                                51.31388900000013
                            ],
                            [
                                5.201111000000139,
                                51.319717
                            ],
                            [
                                5.194444,
                                51.32
                            ],
                            [
                                5.189166,
                                51.31916
                            ],
                            [
                                5.168056,
                                51.31443800000011
                            ],
                            [
                                5.155,
                                51.315826
                            ],
                            [
                                5.143888,
                                51.318604
                            ],
                            [
                                5.14,
                                51.320831
                            ],
                            [
                                5.083055,
                                51.385826
                            ],
                            [
                                5.07861,
                                51.391663
                            ],
                            [
                                5.077222,
                                51.395271
                            ],
                            [
                                5.07667,
                                51.398888
                            ],
                            [
                                5.077777,
                                51.403328
                            ],
                            [
                                5.08,
                                51.406944000000124
                            ],
                            [
                                5.085833,
                                51.41277300000013
                            ],
                            [
                                5.08944,
                                51.41527600000012
                            ],
                            [
                                5.101110000000119,
                                51.42722
                            ],
                            [
                                5.103333,
                                51.43055
                            ],
                            [
                                5.104444000000115,
                                51.434998
                            ],
                            [
                                5.096110000000124,
                                51.44611
                            ],
                            [
                                5.08028,
                                51.466942
                            ],
                            [
                                5.073333000000105,
                                51.471664
                            ],
                            [
                                5.041389,
                                51.486664
                            ],
                            [
                                5.03555,
                                51.487221
                            ],
                            [
                                5.02361100000013,
                                51.48111
                            ],
                            [
                                5.016944,
                                51.47555
                            ],
                            [
                                5.01527700000014,
                                51.471664
                            ],
                            [
                                5.012777,
                                51.45416300000011
                            ],
                            [
                                5.00944,
                                51.446388
                            ],
                            [
                                5,
                                51.437775
                            ],
                            [
                                4.989444,
                                51.43055
                            ],
                            [
                                4.955555,
                                51.409996
                            ],
                            [
                                4.940277,
                                51.401382
                            ],
                            [
                                4.93611,
                                51.39944
                            ],
                            [
                                4.929999,
                                51.398605
                            ],
                            [
                                4.85305,
                                51.414444
                            ],
                            [
                                4.832777000000135,
                                51.429993
                            ],
                            [
                                4.844722000000104,
                                51.461388
                            ],
                            [
                                4.84611,
                                51.477493
                            ],
                            [
                                4.845555000000104,
                                51.48111
                            ],
                            [
                                4.825833,
                                51.492218
                            ],
                            [
                                4.80694,
                                51.499443
                            ],
                            [
                                4.788333,
                                51.503052
                            ],
                            [
                                4.781111,
                                51.50361
                            ],
                            [
                                4.769166,
                                51.502777
                            ],
                            [
                                4.757222,
                                51.496666
                            ],
                            [
                                4.705555,
                                51.469444
                            ],
                            [
                                4.69861,
                                51.464439
                            ],
                            [
                                4.67111,
                                51.44416
                            ],
                            [
                                4.668611,
                                51.440826
                            ],
                            [
                                4.670833,
                                51.433609
                            ],
                            [
                                4.673055,
                                51.430832
                            ],
                            [
                                4.67139,
                                51.42776
                            ],
                            [
                                4.650555,
                                51.423332
                            ],
                            [
                                4.644722,
                                51.4230500000001
                            ],
                            [
                                4.546944,
                                51.425827
                            ],
                            [
                                4.541944000000115,
                                51.42667
                            ],
                            [
                                4.53722,
                                51.432495
                            ],
                            [
                                4.535277,
                                51.43972
                            ],
                            [
                                4.535277,
                                51.443886000000134
                            ],
                            [
                                4.53805,
                                51.4524990000001
                            ],
                            [
                                4.543333,
                                51.458885
                            ],
                            [
                                4.544999,
                                51.462776
                            ],
                            [
                                4.549999,
                                51.474998
                            ],
                            [
                                4.55083,
                                51.47944
                            ],
                            [
                                4.549444,
                                51.48277300000012
                            ],
                            [
                                4.545555,
                                51.484993000000145
                            ],
                            [
                                4.53972,
                                51.48555
                            ],
                            [
                                4.486666000000127,
                                51.480827
                            ],
                            [
                                4.481944,
                                51.47944
                            ],
                            [
                                4.3975,
                                51.452774
                            ],
                            [
                                4.393888,
                                51.450272
                            ],
                            [
                                4.396667,
                                51.416939
                            ],
                            [
                                4.401388,
                                51.41083
                            ],
                            [
                                4.417777,
                                51.39833
                            ],
                            [
                                4.43639,
                                51.378883
                            ],
                            [
                                4.437778,
                                51.3752750000001
                            ],
                            [
                                4.431666,
                                51.364441
                            ],
                            [
                                4.428055,
                                51.361938
                            ],
                            [
                                4.418611000000112,
                                51.35916
                            ],
                            [
                                4.40722,
                                51.357773
                            ],
                            [
                                4.388055,
                                51.357498
                            ],
                            [
                                4.35889,
                                51.359993
                            ],
                            [
                                4.346944,
                                51.36249500000014
                            ],
                            [
                                4.279674000000114,
                                51.376595
                            ],
                            [
                                4.252368,
                                51.375145
                            ],
                            [
                                4.202499000000103,
                                51.405
                            ],
                            [
                                4.05611,
                                51.425827
                            ],
                            [
                                3.928889,
                                51.434998
                            ],
                            [
                                3.92778,
                                51.43055
                            ],
                            [
                                3.92555,
                                51.426941
                            ],
                            [
                                3.906666,
                                51.399994
                            ],
                            [
                                3.899722,
                                51.395
                            ],
                            [
                                3.82972,
                                51.389717
                            ],
                            [
                                3.823055,
                                51.39
                            ],
                            [
                                3.573055000000124,
                                51.444443
                            ],
                            [
                                3.543333000000132,
                                51.454437
                            ],
                            [
                                3.533611,
                                51.458054
                            ],
                            [
                                3.4525,
                                51.521111
                            ],
                            [
                                3.443055,
                                51.528885
                            ],
                            [
                                3.440555,
                                51.531662
                            ],
                            [
                                3.440833,
                                51.535828
                            ],
                            [
                                3.446389,
                                51.541939
                            ],
                            [
                                3.45333,
                                51.54694
                            ],
                            [
                                3.465,
                                51.55332900000013
                            ],
                            [
                                3.485555,
                                51.563332
                            ],
                            [
                                3.510833000000105,
                                51.57444
                            ],
                            [
                                3.523889,
                                51.579994
                            ],
                            [
                                3.555277,
                                51.592216
                            ],
                            [
                                3.568889,
                                51.597221
                            ],
                            [
                                3.580277000000137,
                                51.59861
                            ],
                            [
                                3.6919,
                                51.6003070000001
                            ],
                            [
                                3.832778,
                                51.606667
                            ],
                            [
                                3.837222,
                                51.606667
                            ],
                            [
                                3.868889,
                                51.6013870000001
                            ],
                            [
                                3.872777,
                                51.59916
                            ],
                            [
                                3.89333,
                                51.58444200000014
                            ],
                            [
                                3.898056,
                                51.578606
                            ],
                            [
                                3.903611,
                                51.568886
                            ],
                            [
                                3.902778,
                                51.565277
                            ],
                            [
                                3.899167,
                                51.5627750000001
                            ],
                            [
                                3.865278,
                                51.54666
                            ],
                            [
                                3.843534,
                                51.554028
                            ],
                            [
                                3.820555,
                                51.54916400000013
                            ],
                            [
                                3.865850000000137,
                                51.538662
                            ],
                            [
                                3.886337,
                                51.54304900000011
                            ],
                            [
                                3.921389,
                                51.54916400000013
                            ],
                            [
                                3.92861,
                                51.548332
                            ],
                            [
                                3.93444,
                                51.54694
                            ],
                            [
                                4.006666,
                                51.525276
                            ],
                            [
                                4.040277000000117,
                                51.51277
                            ],
                            [
                                4.055833,
                                51.50555
                            ],
                            [
                                4.067499,
                                51.49499500000013
                            ],
                            [
                                4.06917,
                                51.491661000000136
                            ],
                            [
                                4.081944,
                                51.46916
                            ],
                            [
                                4.095833000000141,
                                51.45138500000013
                            ],
                            [
                                4.111111,
                                51.443604
                            ],
                            [
                                4.125555,
                                51.438332000000116
                            ],
                            [
                                4.145833,
                                51.43583
                            ],
                            [
                                4.152222,
                                51.435555
                            ],
                            [
                                4.23805,
                                51.43471
                            ],
                            [
                                4.243333,
                                51.435555
                            ],
                            [
                                4.252777,
                                51.438606
                            ],
                            [
                                4.26428,
                                51.44397
                            ],
                            [
                                4.277222000000108,
                                51.445274
                            ],
                            [
                                4.281944,
                                51.446663
                            ],
                            [
                                4.28611,
                                51.448608
                            ],
                            [
                                4.289166000000137,
                                51.45166000000012
                            ],
                            [
                                4.291389,
                                51.45499400000011
                            ],
                            [
                                4.293611,
                                51.46833
                            ],
                            [
                                4.292222,
                                51.47583
                            ],
                            [
                                4.290833,
                                51.47916
                            ],
                            [
                                4.284721,
                                51.48832700000014
                            ],
                            [
                                4.266944,
                                51.508331
                            ],
                            [
                                4.262777,
                                51.510551
                            ],
                            [
                                4.22963,
                                51.518616
                            ],
                            [
                                4.215278000000126,
                                51.516388
                            ],
                            [
                                4.203888,
                                51.514999
                            ],
                            [
                                4.082777,
                                51.53083
                            ],
                            [
                                3.995555000000138,
                                51.579437
                            ],
                            [
                                3.99,
                                51.584717
                            ],
                            [
                                3.990833,
                                51.588333
                            ],
                            [
                                3.994166000000121,
                                51.590828
                            ],
                            [
                                4.003055,
                                51.594444000000124
                            ],
                            [
                                4.041944,
                                51.60527
                            ],
                            [
                                4.062222,
                                51.610275000000115
                            ],
                            [
                                4.0791660000001,
                                51.612495
                            ],
                            [
                                4.169722,
                                51.605553
                            ],
                            [
                                4.19028,
                                51.60083
                            ],
                            [
                                4.195833000000107,
                                51.59916
                            ],
                            [
                                4.20751,
                                51.589478
                            ],
                            [
                                4.208611,
                                51.59
                            ],
                            [
                                4.209444,
                                51.594444000000124
                            ],
                            [
                                4.20583,
                                51.60083
                            ],
                            [
                                4.20111,
                                51.606667
                            ],
                            [
                                4.196388,
                                51.612495
                            ],
                            [
                                4.186167,
                                51.617043
                            ],
                            [
                                4.16583,
                                51.615273000000116
                            ],
                            [
                                4.153889000000106,
                                51.614441
                            ],
                            [
                                4.13972,
                                51.614998
                            ],
                            [
                                4.13472,
                                51.61610400000012
                            ],
                            [
                                4.113333,
                                51.630272
                            ],
                            [
                                4.110555,
                                51.63694
                            ],
                            [
                                4.10614,
                                51.650978
                            ],
                            [
                                4.10305,
                                51.647774
                            ],
                            [
                                4.09611,
                                51.642776
                            ],
                            [
                                4.088611,
                                51.63832900000011
                            ],
                            [
                                4.076111,
                                51.63250000000011
                            ],
                            [
                                4.066388000000131,
                                51.629715
                            ],
                            [
                                4.019722,
                                51.61972000000014
                            ],
                            [
                                4.008888,
                                51.617775
                            ],
                            [
                                3.98,
                                51.614716
                            ],
                            [
                                3.9675,
                                51.614441
                            ],
                            [
                                3.903889,
                                51.63361
                            ],
                            [
                                3.899167,
                                51.635277
                            ],
                            [
                                3.761944000000142,
                                51.674995
                            ],
                            [
                                3.71266,
                                51.674675
                            ],
                            [
                                3.704444,
                                51.67694100000011
                            ],
                            [
                                3.696389,
                                51.681389
                            ],
                            [
                                3.687778,
                                51.68943800000011
                            ],
                            [
                                3.68611,
                                51.692772000000105
                            ],
                            [
                                3.685555000000136,
                                51.69639
                            ],
                            [
                                3.687500000000114,
                                51.709717
                            ],
                            [
                                3.689167,
                                51.713608000000136
                            ],
                            [
                                3.693611,
                                51.720833
                            ],
                            [
                                3.7033330000001,
                                51.728607
                            ],
                            [
                                3.71417,
                                51.733887
                            ],
                            [
                                3.723611000000119,
                                51.73666
                            ],
                            [
                                3.777778,
                                51.746109
                            ],
                            [
                                3.783889000000102,
                                51.74666600000012
                            ],
                            [
                                3.8125,
                                51.74472
                            ],
                            [
                                3.82486,
                                51.74229
                            ],
                            [
                                3.87861,
                                51.743889
                            ],
                            [
                                3.885278,
                                51.743889
                            ],
                            [
                                3.95583,
                                51.735832
                            ],
                            [
                                3.968611,
                                51.73360400000013
                            ],
                            [
                                3.975833,
                                51.728882
                            ],
                            [
                                4.004444,
                                51.71
                            ],
                            [
                                4.06694,
                                51.679443
                            ],
                            [
                                4.104166,
                                51.661942
                            ],
                            [
                                4.112778000000105,
                                51.67083
                            ],
                            [
                                4.11611,
                                51.67333200000013
                            ],
                            [
                                4.124444,
                                51.67722
                            ],
                            [
                                4.155833,
                                51.68388
                            ],
                            [
                                4.167754000000116,
                                51.68557
                            ],
                            [
                                4.127222,
                                51.706665
                            ],
                            [
                                4.059722000000136,
                                51.75138900000013
                            ],
                            [
                                4.056666,
                                51.75804900000014
                            ],
                            [
                                4.03083,
                                51.78666
                            ],
                            [
                                4.027778000000126,
                                51.78916
                            ],
                            [
                                4.019722,
                                51.793610000000115
                            ],
                            [
                                4.005278,
                                51.798882
                            ],
                            [
                                3.993055,
                                51.801384
                            ],
                            [
                                3.980556,
                                51.802773000000116
                            ],
                            [
                                3.95583,
                                51.801666
                            ],
                            [
                                3.874189,
                                51.78637
                            ],
                            [
                                3.866111,
                                51.80722
                            ],
                            [
                                3.865278,
                                51.810829
                            ],
                            [
                                3.865555,
                                51.814995
                            ],
                            [
                                3.867777,
                                51.81860400000011
                            ],
                            [
                                3.880833000000109,
                                51.823883
                            ],
                            [
                                3.98333,
                                51.846382
                            ],
                            [
                                3.995,
                                51.847771
                            ],
                            [
                                4.006666,
                                51.846664
                            ],
                            [
                                4.015555,
                                51.842773
                            ],
                            [
                                4.0275,
                                51.836105
                            ],
                            [
                                4.06111,
                                51.860275
                            ],
                            [
                                4.01667,
                                51.9675
                            ],
                            [
                                4.011944,
                                51.97777600000012
                            ],
                            [
                                4.012221,
                                51.981667
                            ],
                            [
                                4.014999000000103,
                                51.984718
                            ],
                            [
                                4.021111,
                                51.988052
                            ],
                            [
                                4.0388880000001,
                                51.98749500000014
                            ],
                            [
                                4.044444000000112,
                                51.986107
                            ],
                            [
                                4.05917,
                                51.984718
                            ],
                            [
                                4.08,
                                51.983887
                            ],
                            [
                                4.09944,
                                51.98416
                            ],
                            [
                                4.111111,
                                51.98555
                            ],
                            [
                                4.125555,
                                51.989716
                            ],
                            [
                                4.138055,
                                51.99582700000013
                            ],
                            [
                                4.149444,
                                52.002495
                            ],
                            [
                                4.362222,
                                52.17166
                            ],
                            [
                                4.36861,
                                52.177216
                            ],
                            [
                                4.4,
                                52.205826
                            ],
                            [
                                4.408889,
                                52.214722
                            ],
                            [
                                4.420555,
                                52.226662
                            ],
                            [
                                4.428888,
                                52.236107
                            ],
                            [
                                4.44167,
                                52.252495
                            ],
                            [
                                4.49449,
                                52.32721700000013
                            ],
                            [
                                4.517777000000137,
                                52.360832
                            ],
                            [
                                4.53889,
                                52.39222
                            ],
                            [
                                4.542777000000115,
                                52.399719
                            ],
                            [
                                4.55111,
                                52.41971600000011
                            ],
                            [
                                4.568055000000129,
                                52.44916500000011
                            ],
                            [
                                4.576944,
                                52.458054
                            ],
                            [
                                4.584431,
                                52.461502
                            ],
                            [
                                4.657958,
                                52.453125
                            ],
                            [
                                4.706849,
                                52.427227
                            ],
                            [
                                4.845252,
                                52.410198
                            ],
                            [
                                4.88598,
                                52.390373
                            ],
                            [
                                4.90688,
                                52.37416
                            ],
                            [
                                4.952402,
                                52.373123
                            ],
                            [
                                4.991944000000103,
                                52.361107
                            ],
                            [
                                5.126944,
                                52.330276
                            ],
                            [
                                5.23667,
                                52.312492
                            ],
                            [
                                5.249166,
                                52.311943
                            ],
                            [
                                5.254722,
                                52.310555000000136
                            ],
                            [
                                5.289444,
                                52.301666
                            ],
                            [
                                5.298611,
                                52.297775
                            ],
                            [
                                5.3025,
                                52.29583
                            ],
                            [
                                5.330442000000119,
                                52.27582600000011
                            ],
                            [
                                5.337777,
                                52.275551
                            ],
                            [
                                5.36389,
                                52.271111
                            ],
                            [
                                5.375278,
                                52.26916
                            ],
                            [
                                5.383888,
                                52.264999
                            ],
                            [
                                5.4075,
                                52.25194
                            ],
                            [
                                5.4175,
                                52.249161
                            ],
                            [
                                5.424444,
                                52.2486
                            ],
                            [
                                5.43055500000014,
                                52.249161
                            ],
                            [
                                5.523889000000111,
                                52.26416000000012
                            ],
                            [
                                5.53361,
                                52.26722
                            ],
                            [
                                5.54417,
                                52.274162
                            ],
                            [
                                5.55305,
                                52.283333
                            ],
                            [
                                5.562499000000116,
                                52.297493000000145
                            ],
                            [
                                5.570000000000107,
                                52.313049
                            ],
                            [
                                5.57778,
                                52.32278
                            ],
                            [
                                5.585,
                                52.327774
                            ],
                            [
                                5.624722,
                                52.354164
                            ],
                            [
                                5.62944,
                                52.356384
                            ],
                            [
                                5.67055,
                                52.371384
                            ],
                            [
                                5.687485,
                                52.377464
                            ],
                            [
                                5.702777,
                                52.382774
                            ],
                            [
                                5.722221,
                                52.388329
                            ],
                            [
                                5.73249,
                                52.390091
                            ],
                            [
                                5.734459,
                                52.390625
                            ],
                            [
                                5.743055,
                                52.393051
                            ],
                            [
                                5.756389,
                                52.398048
                            ],
                            [
                                5.76667,
                                52.40190100000012
                            ],
                            [
                                5.774166,
                                52.405273
                            ],
                            [
                                5.810262,
                                52.426094
                            ],
                            [
                                5.81478,
                                52.429115
                            ],
                            [
                                5.819638000000111,
                                52.432556
                            ],
                            [
                                5.849999,
                                52.46139
                            ],
                            [
                                5.8525,
                                52.46472
                            ],
                            [
                                5.878055,
                                52.50944
                            ],
                            [
                                5.872415000000103,
                                52.523415
                            ],
                            [
                                5.8475,
                                52.568054
                            ],
                            [
                                5.84861,
                                52.587494
                            ],
                            [
                                5.855000000000132,
                                52.606911
                            ],
                            [
                                5.758888,
                                52.60667
                            ],
                            [
                                5.678888,
                                52.60721600000011
                            ],
                            [
                                5.664721,
                                52.60833
                            ],
                            [
                                5.601944000000117,
                                52.65583
                            ],
                            [
                                5.599444,
                                52.65860700000013
                            ],
                            [
                                5.598888,
                                52.662498
                            ],
                            [
                                5.595277,
                                52.74082900000013
                            ],
                            [
                                5.59722,
                                52.753609
                            ],
                            [
                                5.599166000000139,
                                52.757774
                            ],
                            [
                                5.619166,
                                52.779442
                            ],
                            [
                                5.659166000000141,
                                52.818329
                            ],
                            [
                                5.668611,
                                52.82638500000013
                            ],
                            [
                                5.676944000000105,
                                52.830551
                            ],
                            [
                                5.71835,
                                52.83802
                            ],
                            [
                                5.714444000000128,
                                52.840271
                            ],
                            [
                                5.651388,
                                52.85527
                            ],
                            [
                                5.645833,
                                52.85555
                            ],
                            [
                                5.595,
                                52.848328
                            ],
                            [
                                5.588888,
                                52.842216
                            ],
                            [
                                5.586666,
                                52.83861
                            ],
                            [
                                5.583611,
                                52.836105
                            ],
                            [
                                5.574721,
                                52.83194
                            ],
                            [
                                5.563333,
                                52.830826
                            ],
                            [
                                5.418611000000112,
                                52.851662
                            ],
                            [
                                5.412499,
                                52.85305
                            ],
                            [
                                5.39805,
                                52.85860400000013
                            ],
                            [
                                5.374166000000116,
                                52.872215
                            ],
                            [
                                5.36861,
                                52.877777
                            ],
                            [
                                5.363333000000125,
                                52.887215
                            ],
                            [
                                5.365833,
                                52.89111
                            ],
                            [
                                5.371944,
                                52.89666
                            ],
                            [
                                5.393611000000135,
                                52.90638700000011
                            ],
                            [
                                5.403889,
                                52.90888200000012
                            ],
                            [
                                5.412777,
                                52.912773
                            ],
                            [
                                5.41361,
                                52.91722
                            ],
                            [
                                5.418611000000112,
                                52.94944
                            ],
                            [
                                5.42055,
                                52.964439
                            ],
                            [
                                5.411388,
                                53.028885
                            ],
                            [
                                5.407777,
                                53.035
                            ],
                            [
                                5.375555,
                                53.070549
                            ],
                            [
                                5.364166000000125,
                                53.07027
                            ],
                            [
                                5.339167,
                                53.065552
                            ],
                            [
                                5.303055,
                                53.052773
                            ],
                            [
                                5.289444,
                                53.047218
                            ],
                            [
                                5.263055000000122,
                                53.035271
                            ],
                            [
                                5.19831,
                                52.995316
                            ],
                            [
                                5.100277000000119,
                                52.948051
                            ],
                            [
                                5.09167,
                                52.885826
                            ],
                            [
                                5.126111,
                                52.82249500000012
                            ],
                            [
                                5.193055,
                                52.7544400000001
                            ],
                            [
                                5.197222,
                                52.756386
                            ],
                            [
                                5.202222,
                                52.7575
                            ],
                            [
                                5.21611,
                                52.7575
                            ],
                            [
                                5.230833,
                                52.75610400000011
                            ],
                            [
                                5.27833,
                                52.750832
                            ],
                            [
                                5.286111000000119,
                                52.746109
                            ],
                            [
                                5.29055,
                                52.74082900000013
                            ],
                            [
                                5.292500000000132,
                                52.737778000000105
                            ],
                            [
                                5.29555,
                                52.73111
                            ],
                            [
                                5.304166,
                                52.706940000000145
                            ],
                            [
                                5.302221,
                                52.702774
                            ],
                            [
                                5.255305000000135,
                                52.691589
                            ],
                            [
                                5.24167,
                                52.660553
                            ],
                            [
                                5.230277,
                                52.65361
                            ],
                            [
                                5.196666,
                                52.637772
                            ],
                            [
                                5.167777,
                                52.62888
                            ],
                            [
                                5.147222,
                                52.623886
                            ],
                            [
                                5.141944000000137,
                                52.622772
                            ],
                            [
                                5.135,
                                52.622772
                            ],
                            [
                                5.133055,
                                52.626106
                            ],
                            [
                                5.106388,
                                52.64222
                            ],
                            [
                                5.101388,
                                52.64416
                            ],
                            [
                                5.055833,
                                52.64278
                            ],
                            [
                                5.05,
                                52.641937
                            ],
                            [
                                5.040833,
                                52.63861
                            ],
                            [
                                5.033333,
                                52.634163
                            ],
                            [
                                5.028889,
                                52.62666300000012
                            ],
                            [
                                5.028055000000109,
                                52.61972000000014
                            ],
                            [
                                5.02861,
                                52.615829
                            ],
                            [
                                5.0425,
                                52.573883
                            ],
                            [
                                5.047777,
                                52.564163
                            ],
                            [
                                5.067778,
                                52.541382
                            ],
                            [
                                5.087222,
                                52.517776
                            ],
                            [
                                5.091944,
                                52.5075
                            ],
                            [
                                5.092777,
                                52.50027
                            ],
                            [
                                5.090278,
                                52.433327
                            ],
                            [
                                5.078055,
                                52.416107
                            ],
                            [
                                5.046369,
                                52.40263
                            ],
                            [
                                5.028333,
                                52.375832
                            ],
                            [
                                5.0225,
                                52.3752750000001
                            ],
                            [
                                5.016388,
                                52.375832
                            ],
                            [
                                4.92139,
                                52.386108
                            ],
                            [
                                4.908333000000141,
                                52.388329
                            ],
                            [
                                4.875527,
                                52.415604
                            ],
                            [
                                4.82579,
                                52.425697
                            ],
                            [
                                4.71315600000014,
                                52.441013
                            ],
                            [
                                4.66846,
                                52.465885
                            ],
                            [
                                4.58,
                                52.471664
                            ],
                            [
                                4.579444,
                                52.475555
                            ],
                            [
                                4.588611,
                                52.48944100000011
                            ],
                            [
                                4.598332,
                                52.513885
                            ],
                            [
                                4.62222,
                                52.596664
                            ],
                            [
                                4.631944,
                                52.634163
                            ],
                            [
                                4.63611,
                                52.65222
                            ],
                            [
                                4.63583,
                                52.68055
                            ],
                            [
                                4.654166,
                                52.751663
                            ],
                            [
                                4.73,
                                52.948051
                            ],
                            [
                                4.734166,
                                52.955551
                            ],
                            [
                                4.74139,
                                52.960548
                            ],
                            [
                                4.749722000000133,
                                52.962494
                            ],
                            [
                                4.773889,
                                52.964722
                            ],
                            [
                                4.793056,
                                52.96527100000014
                            ],
                            [
                                4.796111,
                                52.964439
                            ],
                            [
                                4.809444,
                                52.953606
                            ],
                            [
                                4.809999,
                                52.942497
                            ],
                            [
                                4.8075,
                                52.939163
                            ],
                            [
                                4.805833000000121,
                                52.934998
                            ],
                            [
                                4.80694,
                                52.92749800000013
                            ],
                            [
                                4.808611,
                                52.92416400000013
                            ],
                            [
                                4.813333,
                                52.91833
                            ],
                            [
                                4.82639,
                                52.911942
                            ],
                            [
                                4.83611100000013,
                                52.90833
                            ],
                            [
                                4.8625,
                                52.89999
                            ],
                            [
                                4.872499000000118,
                                52.897217
                            ],
                            [
                                4.8875,
                                52.896111
                            ],
                            [
                                4.90472,
                                52.898048
                            ],
                            [
                                4.9325,
                                52.902496
                            ],
                            [
                                4.943055000000129,
                                52.905
                            ],
                            [
                                5.085833,
                                52.955276
                            ],
                            [
                                5.10305,
                                52.963051
                            ],
                            [
                                5.180277000000103,
                                53.00305200000014
                            ],
                            [
                                5.184206000000131,
                                53.005531
                            ],
                            [
                                5.224444,
                                53.032494
                            ],
                            [
                                5.24667,
                                53.046944
                            ],
                            [
                                5.254722,
                                53.051384
                            ],
                            [
                                5.301666,
                                53.07278
                            ],
                            [
                                5.32722200000012,
                                53.07944
                            ],
                            [
                                5.360833,
                                53.084442
                            ],
                            [
                                5.37861,
                                53.09166
                            ],
                            [
                                5.38611,
                                53.096664
                            ],
                            [
                                5.38861,
                                53.1
                            ],
                            [
                                5.4025,
                                53.121384
                            ],
                            [
                                5.411111,
                                53.14027
                            ],
                            [
                                5.416944,
                                53.163055
                            ],
                            [
                                5.415,
                                53.169998
                            ],
                            [
                                5.415277000000117,
                                53.174164
                            ],
                            [
                                5.442499,
                                53.21194
                            ],
                            [
                                5.458611,
                                53.226105
                            ],
                            [
                                5.46611,
                                53.230827
                            ],
                            [
                                5.573333,
                                53.288055
                            ],
                            [
                                5.58611100000013,
                                53.294716
                            ],
                            [
                                5.599166000000139,
                                53.30028
                            ],
                            [
                                5.890833,
                                53.38222
                            ],
                            [
                                5.98166700000013,
                                53.398888
                            ],
                            [
                                6.0925,
                                53.410828
                            ],
                            [
                                6.1725,
                                53.413605
                            ],
                            [
                                6.183332,
                                53.413887
                            ],
                            [
                                6.187288,
                                53.41243
                            ],
                            [
                                6.19472,
                                53.41
                            ],
                            [
                                6.29694400000011,
                                53.401939
                            ],
                            [
                                6.4525,
                                53.425278
                            ],
                            [
                                6.6975,
                                53.461937
                            ],
                            [
                                6.72111,
                                53.46472200000011
                            ],
                            [
                                6.741944000000103,
                                53.46583
                            ],
                            [
                                6.7775,
                                53.45916
                            ],
                            [
                                6.855000000000132,
                                53.43943800000011
                            ],
                            [
                                6.862778000000105,
                                53.437218
                            ],
                            [
                                6.869166,
                                53.43388
                            ],
                            [
                                6.87139,
                                53.431938
                            ],
                            [
                                6.870832,
                                53.42222
                            ],
                            [
                                6.871666,
                                53.416107
                            ]
                        ]
                    ],
                    [
                        [
                            [
                                5.699166,
                                53.462776
                            ],
                            [
                                5.720555,
                                53.461662
                            ],
                            [
                                5.804999,
                                53.463882
                            ],
                            [
                                5.854722,
                                53.46694200000013
                            ],
                            [
                                5.905,
                                53.469719
                            ],
                            [
                                5.937222000000133,
                                53.470551000000114
                            ],
                            [
                                5.951388,
                                53.46888700000011
                            ],
                            [
                                5.955555,
                                53.46666
                            ],
                            [
                                5.95611,
                                53.462776
                            ],
                            [
                                5.948055000000124,
                                53.458611
                            ],
                            [
                                5.81139,
                                53.438889
                            ],
                            [
                                5.798333,
                                53.438606
                            ],
                            [
                                5.77722,
                                53.440552
                            ],
                            [
                                5.771388,
                                53.442215
                            ],
                            [
                                5.74861,
                                53.44416
                            ],
                            [
                                5.737222,
                                53.44249700000012
                            ],
                            [
                                5.683888,
                                53.425278
                            ],
                            [
                                5.662499,
                                53.426384
                            ],
                            [
                                5.65,
                                53.429161000000136
                            ],
                            [
                                5.637777,
                                53.435829000000126
                            ],
                            [
                                5.633055000000127,
                                53.441666
                            ],
                            [
                                5.6325,
                                53.445549
                            ],
                            [
                                5.633333,
                                53.448051
                            ],
                            [
                                5.65361,
                                53.469719
                            ],
                            [
                                5.657499,
                                53.472221000000104
                            ],
                            [
                                5.663055,
                                53.473053
                            ],
                            [
                                5.668888,
                                53.471664
                            ],
                            [
                                5.674444,
                                53.466385
                            ],
                            [
                                5.699166,
                                53.462776
                            ]
                        ]
                    ],
                    [
                        [
                            [
                                6.134999000000107,
                                53.45361
                            ],
                            [
                                6.13028,
                                53.45361
                            ],
                            [
                                6.126389,
                                53.458328
                            ],
                            [
                                6.11639,
                                53.471939
                            ],
                            [
                                6.117222,
                                53.474998
                            ],
                            [
                                6.119444,
                                53.477219000000105
                            ],
                            [
                                6.13611,
                                53.491386
                            ],
                            [
                                6.144722,
                                53.496384
                            ],
                            [
                                6.148889,
                                53.497498
                            ],
                            [
                                6.158055,
                                53.49916
                            ],
                            [
                                6.303333,
                                53.51138300000014
                            ],
                            [
                                6.314722,
                                53.511108
                            ],
                            [
                                6.3325,
                                53.50804900000014
                            ],
                            [
                                6.339444,
                                53.504997
                            ],
                            [
                                6.34111,
                                53.502777
                            ],
                            [
                                6.34028,
                                53.50027
                            ],
                            [
                                6.3375,
                                53.498604
                            ],
                            [
                                6.272499,
                                53.484444
                            ],
                            [
                                6.234722,
                                53.47639
                            ],
                            [
                                6.225555,
                                53.474998
                            ],
                            [
                                6.16305,
                                53.471664
                            ],
                            [
                                6.15278,
                                53.467216
                            ],
                            [
                                6.134999000000107,
                                53.45361
                            ]
                        ]
                    ]
                ]
            }
        }
    ]
}